# theta1,theta2 in radians, 100 Hz
-1.0156425812,1.4438484175
-1.0156423669,1.4438484175
-1.0156421526,1.4438484175
-1.0156419383,1.4438484175
-1.0156417240,1.4438484175
-1.0156415098,1.4438484175
-1.0156412955,1.4438484175
-1.0156410812,1.4438484175
-1.0156408669,1.4438484175
-1.0156406526,1.4438484175
-1.0156404383,1.4438484175
-1.0156402240,1.4438484175
-1.0156400098,1.4438484175
-1.0156397955,1.4438484175
-1.0156395812,1.4438484175
-1.0156393669,1.4438484175
-1.0156391526,1.4438484175
-1.0156389383,1.4438484175
-1.0156387240,1.4438484175
-1.0156385098,1.4438484175
-1.0156382955,1.4438484175
-1.0156380812,1.4438484175
-1.0156378669,1.4438484175
-1.0156376526,1.4438484175
-1.0156374383,1.4438484175
-1.0156372240,1.4438484175
-1.0156370098,1.4438484175
-1.0156367955,1.4438484175
-1.0156365812,1.4438484175
-1.0156363669,1.4438484175
-1.0156361526,1.4438484175
-1.0156359383,1.4438484175
-1.0156357240,1.4438484175
-1.0156355098,1.4438484175
-1.0156352955,1.4438484175
-1.0156350812,1.4438484175
-1.0156348669,1.4438484175
-1.0156346526,1.4438484175
-1.0156344383,1.4438484175
-1.0156342240,1.4438484175
-1.0156340098,1.4438484175
-1.0156337955,1.4438484175
-1.0156335812,1.4438484175
-1.0156333669,1.4438484175
-1.0156331526,1.4438484175
-1.0156329383,1.4438484175
-1.0156327240,1.4438484175
-1.0156325098,1.4438484175
-1.0156322955,1.4438484175
-1.0156320812,1.4438484175
-1.0156318669,1.4438484175
-1.0156316526,1.4438484175
-1.0156314383,1.4438484175
-1.0156312240,1.4438484175
-1.0156310098,1.4438484175
-1.0156307955,1.4438484175
-1.0156305812,1.4438484175
-1.0156303669,1.4438484175
-1.0156301526,1.4438484175
-1.0156299383,1.4438484175
-1.0156297240,1.4438484175
-1.0156295098,1.4438484175
-1.0156292955,1.4438484175
-1.0156290812,1.4438484175
-1.0156288669,1.4438484175
-1.0156286526,1.4438484175
-1.0156284383,1.4438484175
-1.0156282240,1.4438484175
-1.0156280098,1.4438484175
-1.0156277955,1.4438484175
-1.0156275812,1.4438484175
-1.0156273669,1.4438484175
-1.0156271526,1.4438484175
-1.0156269383,1.4438484175
-1.0156267240,1.4438484175
-1.0156265098,1.4438484175
-1.0156262955,1.4438484175
-1.0156260812,1.4438484175
-1.0156258669,1.4438484175
-1.0156256526,1.4438484175
-1.0156254383,1.4438484175
-1.0156252240,1.4438484175
-1.0156250098,1.4438484175
-1.0156247955,1.4438484175
-1.0156245812,1.4438484175
-1.0156243669,1.4438484175
-1.0156241526,1.4438484175
-1.0156239383,1.4438484175
-1.0156237240,1.4438484175
-1.0156235098,1.4438484175
-1.0156232955,1.4438484175
-1.0156230812,1.4438484175
-1.0156228669,1.4438484175
-1.0156226526,1.4438484175
-1.0156224383,1.4438484175
-1.0156222240,1.4438484175
-1.0156220098,1.4438484175
-1.0156217955,1.4438484175
-1.0156215812,1.4438484175
-1.0156213669,1.4438484175
-1.0156211526,1.4438484175
-1.0156209383,1.4438484175
-1.0156207240,1.4438484175
-1.0156205098,1.4438484175
-1.0156202955,1.4438484175
-1.0156200812,1.4438484175
-1.0156198669,1.4438484175
-1.0156196526,1.4438484175
-1.0156194383,1.4438484175
-1.0156192240,1.4438484175
-1.0156190098,1.4438484175
-1.0156187955,1.4438484175
-1.0156185812,1.4438484175
-1.0156183669,1.4438484175
-1.0156181526,1.4438484175
-1.0156179383,1.4438484175
-1.0156177240,1.4438484175
-1.0156175098,1.4438484175
-1.0156172955,1.4438484175
-1.0156170812,1.4438484175
-1.0156168669,1.4438484175
-1.0156166526,1.4438484175
-1.0156164383,1.4438484175
-1.0156162240,1.4438484175
-1.0156160098,1.4438484175
-1.0156157955,1.4438484175
-1.0156155812,1.4438484175
-1.0156153669,1.4438484175
-1.0156151526,1.4438484175
-1.0156149383,1.4438484175
-1.0156147240,1.4438484175
-1.0156145098,1.4438484175
-1.0156142955,1.4438484175
-1.0156140812,1.4438484175
-1.0156138669,1.4438484175
-1.0156136526,1.4438484175
-1.0156134383,1.4438484175
-1.0156132240,1.4438484175
-1.0156130098,1.4438484175
-1.0156127955,1.4438484175
-1.0156125812,1.4438484175
-1.0156123669,1.4438484175
-1.0156121526,1.4438484175
-1.0156119383,1.4438484175
-1.0156117240,1.4438484175
-1.0156115098,1.4438484175
-1.0156112955,1.4438484175
-1.0156110812,1.4438484175
-1.0156108669,1.4438484175
-1.0156106526,1.4438484175
-1.0156104383,1.4438484175
-1.0156102240,1.4438484175
-1.0156100098,1.4438484175
-1.0156097955,1.4438484175
-1.0156095812,1.4438484175
-1.0156093669,1.4438484175
-1.0156091526,1.4438484175
-1.0156089383,1.4438484175
-1.0156087240,1.4438484175
-1.0156085098,1.4438484175
-1.0156082955,1.4438484175
-1.0156080812,1.4438484175
-1.0156078669,1.4438484175
-1.0156076526,1.4438484175
-1.0156074383,1.4438484175
-1.0156072240,1.4438484175
-1.0156070098,1.4438484175
-1.0156067955,1.4438484175
-1.0156065812,1.4438484175
-1.0156063669,1.4438484175
-1.0156061526,1.4438484175
-1.0156059383,1.4438484175
-1.0156057240,1.4438484175
-1.0156055098,1.4438484175
-1.0156052955,1.4438484175
-1.0156050812,1.4438484175
-1.0156048669,1.4438484175
-1.0156046526,1.4438484175
-1.0156044383,1.4438484175
-1.0156042240,1.4438484175
-1.0156040098,1.4438484175
-1.0156037955,1.4438484175
-1.0156035812,1.4438484175
-1.0156033669,1.4438484175
-1.0156031526,1.4438484175
-1.0156029383,1.4438484175
-1.0156027240,1.4438484175
-1.0156025098,1.4438484175
-1.0156022955,1.4438484175
-1.0156020812,1.4438484175
-1.0156018669,1.4438484175
-1.0156016526,1.4438484175
-1.0156014383,1.4438484175
-1.0156012240,1.4438484175
-1.0156010098,1.4438484175
-1.0156007955,1.4438484175
-1.0156005812,1.4438484175
-1.0154790312,1.4438488175
-1.0153574812,1.4438492175
-1.0152359312,1.4438496175
-1.0151143812,1.4438500175
-1.0149928312,1.4438504175
-1.0148712812,1.4438508175
-1.0147497312,1.4438512175
-1.0146281812,1.4438516175
-1.0145066312,1.4438520175
-1.0143850812,1.4438524175
-1.0142635312,1.4438528175
-1.0141419812,1.4438532175
-1.0140204312,1.4438536175
-1.0138988812,1.4438540175
-1.0137773312,1.4438544175
-1.0136557812,1.4438548175
-1.0135342312,1.4438552175
-1.0134126812,1.4438556175
-1.0132911312,1.4438560175
-1.0131695812,1.4438564175
-1.0127782312,1.4438572675
-1.0123868812,1.4438581175
-1.0119955312,1.4438589675
-1.0116041812,1.4438598175
-1.0112128312,1.4438606675
-1.0108214812,1.4438615175
-1.0104301312,1.4438623675
-1.0100387812,1.4438632175
-1.0096474312,1.4438640675
-1.0092560812,1.4438649175
-1.0088647312,1.4438657675
-1.0084733812,1.4438666175
-1.0080820312,1.4438674675
-1.0076906812,1.4438683175
-1.0072993312,1.4438691675
-1.0069079812,1.4438700175
-1.0065166312,1.4438708675
-1.0061252812,1.4438717175
-1.0057339312,1.4438725675
-1.0053425812,1.4438734175
-1.0048032812,1.4438741675
-1.0042639812,1.4438749175
-1.0037246812,1.4438756675
-1.0031853812,1.4438764175
-1.0026460812,1.4438771675
-1.0021067812,1.4438779175
-1.0015674812,1.4438786675
-1.0010281812,1.4438794175
-1.0004888812,1.4438801675
-0.9999495812,1.4438809175
-0.9994102812,1.4438816675
-0.9988709812,1.4438824175
-0.9983316812,1.4438831675
-0.9977923812,1.4438839175
-0.9972530812,1.4438846675
-0.9967137812,1.4438854175
-0.9961744812,1.4438861675
-0.9956351812,1.4438869175
-0.9950958812,1.4438876675
-0.9945565812,1.4438884175
-0.9938481075,1.4438891544
-0.9931396338,1.4438898912
-0.9924311601,1.4438906280
-0.9917226865,1.4438913649
-0.9910142128,1.4438921017
-0.9903057391,1.4438928386
-0.9895972654,1.4438935754
-0.9888887917,1.4438943123
-0.9881803180,1.4438950491
-0.9874718444,1.4438957859
-0.9867633707,1.4438965228
-0.9860548970,1.4438972596
-0.9853464233,1.4438979965
-0.9846379496,1.4438987333
-0.9839294759,1.4438994702
-0.9832210022,1.4439002070
-0.9825125286,1.4439009438
-0.9818040549,1.4439016807
-0.9810955812,1.4439024175
-0.9803522812,1.4442861675
-0.9796089812,1.4446699175
-0.9788656812,1.4450536675
-0.9781223812,1.4454374175
-0.9773790812,1.4458211675
-0.9766357812,1.4462049175
-0.9758924812,1.4465886675
-0.9751491812,1.4469724175
-0.9744058812,1.4473561675
-0.9736625812,1.4477399175
-0.9729192812,1.4481236675
-0.9721759812,1.4485074175
-0.9714326812,1.4488911675
-0.9706893812,1.4492749175
-0.9699460812,1.4496586675
-0.9692027812,1.4500424175
-0.9684594812,1.4504261675
-0.9677161812,1.4508099175
-0.9669728812,1.4511936675
-0.9662295812,1.4515774175
-0.9655873312,1.4525531175
-0.9649450812,1.4535288175
-0.9643028312,1.4545045175
-0.9636605812,1.4554802175
-0.9630183312,1.4564559175
-0.9623760812,1.4574316175
-0.9617338312,1.4584073175
-0.9610915812,1.4593830175
-0.9604493312,1.4603587175
-0.9598070812,1.4613344175
-0.9591648312,1.4623101175
-0.9585225812,1.4632858175
-0.9578803312,1.4642615175
-0.9572380812,1.4652372175
-0.9565958312,1.4662129175
-0.9559535812,1.4671886175
-0.9553113312,1.4681643175
-0.9546690812,1.4691400175
-0.9540268312,1.4701157175
-0.9533845812,1.4710914175
-0.9526362812,1.4718843175
-0.9518879812,1.4726772175
-0.9511396812,1.4734701175
-0.9503913812,1.4742630175
-0.9496430812,1.4750559175
-0.9488947812,1.4758488175
-0.9481464812,1.4766417175
-0.9473981812,1.4774346175
-0.9466498812,1.4782275175
-0.9459015812,1.4790204175
-0.9451532812,1.4798133175
-0.9444049812,1.4806062175
-0.9436566812,1.4813991175
-0.9429083812,1.4821920175
-0.9421600812,1.4829849175
-0.9414117812,1.4837778175
-0.9406634812,1.4845707175
-0.9399151812,1.4853636175
-0.9391668812,1.4861565175
-0.9384185812,1.4869494175
-0.9375875812,1.4879389438
-0.9367565812,1.4889284702
-0.9359255812,1.4899179965
-0.9350945812,1.4909075228
-0.9342635812,1.4918970491
-0.9334325812,1.4928865754
-0.9326015812,1.4938761017
-0.9317705812,1.4948656280
-0.9309395812,1.4958551544
-0.9301085812,1.4968446807
-0.9292775812,1.4978342070
-0.9284465812,1.4988237333
-0.9276155812,1.4998132596
-0.9267845812,1.5008027859
-0.9259535812,1.5017923123
-0.9251225812,1.5027818386
-0.9242915812,1.5037713649
-0.9234605812,1.5047608912
-0.9226295812,1.5057504175
-0.9217076812,1.5065342675
-0.9207857812,1.5073181175
-0.9198638812,1.5081019675
-0.9189419812,1.5088858175
-0.9180200812,1.5096696675
-0.9170981812,1.5104535175
-0.9161762812,1.5112373675
-0.9152543812,1.5120212175
-0.9143324812,1.5128050675
-0.9134105812,1.5135889175
-0.9124886812,1.5143727675
-0.9115667812,1.5151566175
-0.9106448812,1.5159404675
-0.9097229812,1.5167243175
-0.9088010812,1.5175081675
-0.9078791812,1.5182920175
-0.9069572812,1.5190758675
-0.9060353812,1.5198597175
-0.9051134812,1.5206435675
-0.9041915812,1.5214274175
-0.9031703312,1.5221414675
-0.9021490812,1.5228555175
-0.9011278312,1.5235695675
-0.9001065812,1.5242836175
-0.8990853312,1.5249976675
-0.8980640812,1.5257117175
-0.8970428312,1.5264257675
-0.8960215812,1.5271398175
-0.8950003312,1.5278538675
-0.8939790812,1.5285679175
-0.8929578312,1.5292819675
-0.8919365812,1.5299960175
-0.8909153312,1.5307100675
-0.8898940812,1.5314241175
-0.8888728312,1.5321381675
-0.8878515812,1.5328522175
-0.8868303312,1.5335662675
-0.8858090812,1.5342803175
-0.8847878312,1.5349943675
-0.8837665812,1.5357084175
-0.8826147312,1.5361957675
-0.8814628812,1.5366831175
-0.8803110312,1.5371704675
-0.8791591812,1.5376578175
-0.8780073312,1.5381451675
-0.8768554812,1.5386325175
-0.8757036312,1.5391198675
-0.8745517812,1.5396072175
-0.8733999312,1.5400945675
-0.8722480812,1.5405819175
-0.8710962312,1.5410692675
-0.8699443812,1.5415566175
-0.8687925312,1.5420439675
-0.8676406812,1.5425313175
-0.8664888312,1.5430186675
-0.8653369812,1.5435060175
-0.8641851312,1.5439933675
-0.8630332812,1.5444807175
-0.8618814312,1.5449680675
-0.8607295812,1.5454554175
-0.8596469812,1.5458185675
-0.8585643812,1.5461817175
-0.8574817812,1.5465448675
-0.8563991812,1.5469080175
-0.8553165812,1.5472711675
-0.8542339812,1.5476343175
-0.8531513812,1.5479974675
-0.8520687812,1.5483606175
-0.8509861812,1.5487237675
-0.8499035812,1.5490869175
-0.8488209812,1.5494500675
-0.8477383812,1.5498132175
-0.8466557812,1.5501763675
-0.8455731812,1.5505395175
-0.8444905812,1.5509026675
-0.8434079812,1.5512658175
-0.8423253812,1.5516289675
-0.8412427812,1.5519921175
-0.8401601812,1.5523552675
-0.8390775812,1.5527184175
-0.8378769496,1.5528449965
-0.8366763180,1.5529715754
-0.8354756865,1.5530981544
-0.8342750549,1.5532247333
-0.8330744233,1.5533513123
-0.8318737917,1.5534778912
-0.8306731601,1.5536044702
-0.8294725286,1.5537310491
-0.8282718970,1.5538576280
-0.8270712654,1.5539842070
-0.8258706338,1.5541107859
-0.8246700022,1.5542373649
-0.8234693707,1.5543639438
-0.8222687391,1.5544905228
-0.8210681075,1.5546171017
-0.8198674759,1.5547436807
-0.8186668444,1.5548702596
-0.8174662128,1.5549968386
-0.8162655812,1.5551234175
-0.8150283312,1.5555648175
-0.8137910812,1.5560062175
-0.8125538312,1.5564476175
-0.8113165812,1.5568890175
-0.8100793312,1.5573304175
-0.8088420812,1.5577718175
-0.8076048312,1.5582132175
-0.8063675812,1.5586546175
-0.8051303312,1.5590960175
-0.8038930812,1.5595374175
-0.8026558312,1.5599788175
-0.8014185812,1.5604202175
-0.8001813312,1.5608616175
-0.7989440812,1.5613030175
-0.7977068312,1.5617444175
-0.7964695812,1.5621858175
-0.7952323312,1.5626272175
-0.7939950812,1.5630686175
-0.7927578312,1.5635100175
-0.7915205812,1.5639514175
-0.7905250312,1.5646448675
-0.7895294812,1.5653383175
-0.7885339312,1.5660317675
-0.7875383812,1.5667252175
-0.7865428312,1.5674186675
-0.7855472812,1.5681121175
-0.7845517312,1.5688055675
-0.7835561812,1.5694990175
-0.7825606312,1.5701924675
-0.7815650812,1.5708859175
-0.7805695312,1.5715793675
-0.7795739812,1.5722728175
-0.7785784312,1.5729662675
-0.7775828812,1.5736597175
-0.7765873312,1.5743531675
-0.7755917812,1.5750466175
-0.7745962312,1.5757400675
-0.7736006812,1.5764335175
-0.7726051312,1.5771269675
-0.7716095812,1.5778204175
-0.7710463312,1.5790682175
-0.7704830812,1.5803160175
-0.7699198312,1.5815638175
-0.7693565812,1.5828116175
-0.7687933312,1.5840594175
-0.7682300812,1.5853072175
-0.7676668312,1.5865550175
-0.7671035812,1.5878028175
-0.7665403312,1.5890506175
-0.7659770812,1.5902984175
-0.7654138312,1.5915462175
-0.7648505812,1.5927940175
-0.7642873312,1.5940418175
-0.7637240812,1.5952896175
-0.7631608312,1.5965374175
-0.7625975812,1.5977852175
-0.7620343312,1.5990330175
-0.7614710812,1.6002808175
-0.7609078312,1.6015286175
-0.7603445812,1.6027764175
-0.7601845286,1.6042779965
-0.7600244759,1.6057795754
-0.7598644233,1.6072811544
-0.7597043707,1.6087827333
-0.7595443180,1.6102843123
-0.7593842654,1.6117858912
-0.7592242128,1.6132874702
-0.7590641601,1.6147890491
-0.7589041075,1.6162906280
-0.7587440549,1.6177922070
-0.7585840022,1.6192937859
-0.7584239496,1.6207953649
-0.7582638970,1.6222969438
-0.7581038444,1.6237985228
-0.7579437917,1.6253001017
-0.7577837391,1.6268016807
-0.7576236865,1.6283032596
-0.7574636338,1.6298048386
-0.7573035812,1.6313064175
-0.7573035812,1.6328618675
-0.7573035812,1.6344173175
-0.7573035812,1.6359727675
-0.7573035812,1.6375282175
-0.7573035812,1.6390836675
-0.7573035812,1.6406391175
-0.7573035812,1.6421945675
-0.7573035812,1.6437500175
-0.7573035812,1.6453054675
-0.7573035812,1.6468609175
-0.7573035812,1.6484163675
-0.7573035812,1.6499718175
-0.7573035812,1.6515272675
-0.7573035812,1.6530827175
-0.7573035812,1.6546381675
-0.7573035812,1.6561936175
-0.7573035812,1.6577490675
-0.7573035812,1.6593045175
-0.7573035812,1.6608599675
-0.7573035812,1.6624154175
-0.7573035812,1.6640711675
-0.7573035812,1.6657269175
-0.7573035812,1.6673826675
-0.7573035812,1.6690384175
-0.7573035812,1.6706941675
-0.7573035812,1.6723499175
-0.7573035812,1.6740056675
-0.7573035812,1.6756614175
-0.7573035812,1.6773171675
-0.7573035812,1.6789729175
-0.7573035812,1.6806286675
-0.7573035812,1.6822844175
-0.7573035812,1.6839401675
-0.7573035812,1.6855959175
-0.7573035812,1.6872516675
-0.7573035812,1.6889074175
-0.7573035812,1.6905631675
-0.7573035812,1.6922189175
-0.7573035812,1.6938746675
-0.7573035812,1.6955304175
-0.7573051601,1.6969497859
-0.7573067391,1.6983691544
-0.7573083180,1.6997885228
-0.7573098970,1.7012078912
-0.7573114759,1.7026272596
-0.7573130549,1.7040466280
-0.7573146338,1.7054659965
-0.7573162128,1.7068853649
-0.7573177917,1.7083047333
-0.7573193707,1.7097241017
-0.7573209496,1.7111434702
-0.7573225286,1.7125628386
-0.7573241075,1.7139822070
-0.7573256865,1.7154015754
-0.7573272654,1.7168209438
-0.7573288444,1.7182403123
-0.7573304233,1.7196596807
-0.7573320022,1.7210790491
-0.7573335812,1.7224984175
-0.7573399312,1.7236057175
-0.7573462812,1.7247130175
-0.7573526312,1.7258203175
-0.7573589812,1.7269276175
-0.7573653312,1.7280349175
-0.7573716812,1.7291422175
-0.7573780312,1.7302495175
-0.7573843812,1.7313568175
-0.7573907312,1.7324641175
-0.7573970812,1.7335714175
-0.7574034312,1.7346787175
-0.7574097812,1.7357860175
-0.7574161312,1.7368933175
-0.7574224812,1.7380006175
-0.7574288312,1.7391079175
-0.7574351812,1.7402152175
-0.7574415312,1.7413225175
-0.7574478812,1.7424298175
-0.7574542312,1.7435371175
-0.7574605812,1.7446444175
-0.7574674812,1.7453715175
-0.7574743812,1.7460986175
-0.7574812812,1.7468257175
-0.7574881812,1.7475528175
-0.7574950812,1.7482799175
-0.7575019812,1.7490070175
-0.7575088812,1.7497341175
-0.7575157812,1.7504612175
-0.7575226812,1.7511883175
-0.7575295812,1.7519154175
-0.7575364812,1.7526425175
-0.7575433812,1.7533696175
-0.7575502812,1.7540967175
-0.7575571812,1.7548238175
-0.7575640812,1.7555509175
-0.7575709812,1.7562780175
-0.7575778812,1.7570051175
-0.7575847812,1.7577322175
-0.7575916812,1.7584593175
-0.7575985812,1.7591864175
-0.7575987917,1.7601848386
-0.7575990022,1.7611832596
-0.7575992128,1.7621816807
-0.7575994233,1.7631801017
-0.7575996338,1.7641785228
-0.7575998444,1.7651769438
-0.7576000549,1.7661753649
-0.7576002654,1.7671737859
-0.7576004759,1.7681722070
-0.7576006865,1.7691706280
-0.7576008970,1.7701690491
-0.7576011075,1.7711674702
-0.7576013180,1.7721658912
-0.7576015286,1.7731643123
-0.7576017391,1.7741627333
-0.7576019496,1.7751611544
-0.7576021601,1.7761595754
-0.7576023707,1.7771579965
-0.7576025812,1.7781564175
-0.7576041812,1.7797753675
-0.7576057812,1.7813943175
-0.7576073812,1.7830132675
-0.7576089812,1.7846322175
-0.7576105812,1.7862511675
-0.7576121812,1.7878701175
-0.7576137812,1.7894890675
-0.7576153812,1.7911080175
-0.7576169812,1.7927269675
-0.7576185812,1.7943459175
-0.7576201812,1.7959648675
-0.7576217812,1.7975838175
-0.7576233812,1.7992027675
-0.7576249812,1.8008217175
-0.7576265812,1.8024406675
-0.7576281812,1.8040596175
-0.7576297812,1.8056785675
-0.7576313812,1.8072975175
-0.7576329812,1.8089164675
-0.7576345812,1.8105354175
-0.7576414312,1.8123526675
-0.7576482812,1.8141699175
-0.7576551312,1.8159871675
-0.7576619812,1.8178044175
-0.7576688312,1.8196216675
-0.7576756812,1.8214389175
-0.7576825312,1.8232561675
-0.7576893812,1.8250734175
-0.7576962312,1.8268906675
-0.7577030812,1.8287079175
-0.7577099312,1.8305251675
-0.7577167812,1.8323424175
-0.7577236312,1.8341596675
-0.7577304812,1.8359769175
-0.7577373312,1.8377941675
-0.7577441812,1.8396114175
-0.7577510312,1.8414286675
-0.7577578812,1.8432459175
-0.7577647312,1.8450631675
-0.7577715812,1.8468804175
-0.7577732812,1.8489111175
-0.7577749812,1.8509418175
-0.7577766812,1.8529725175
-0.7577783812,1.8550032175
-0.7577800812,1.8570339175
-0.7577817812,1.8590646175
-0.7577834812,1.8610953175
-0.7577851812,1.8631260175
-0.7577868812,1.8651567175
-0.7577885812,1.8671874175
-0.7577902812,1.8692181175
-0.7577919812,1.8712488175
-0.7577936812,1.8732795175
-0.7577953812,1.8753102175
-0.7577970812,1.8773409175
-0.7577987812,1.8793716175
-0.7578004812,1.8814023175
-0.7578021812,1.8834330175
-0.7578038812,1.8854637175
-0.7578055812,1.8874944175
-0.7578055812,1.8895314175
-0.7578055812,1.8915684175
-0.7578055812,1.8936054175
-0.7578055812,1.8956424175
-0.7578055812,1.8976794175
-0.7578055812,1.8997164175
-0.7578055812,1.9017534175
-0.7578055812,1.9037904175
-0.7578055812,1.9058274175
-0.7578055812,1.9078644175
-0.7578055812,1.9099014175
-0.7578055812,1.9119384175
-0.7578055812,1.9139754175
-0.7578055812,1.9160124175
-0.7578055812,1.9180494175
-0.7578055812,1.9200864175
-0.7578055812,1.9221234175
-0.7578055812,1.9241604175
-0.7578055812,1.9261974175
-0.7578055812,1.9274061675
-0.7578055812,1.9286149175
-0.7578055812,1.9298236675
-0.7578055812,1.9310324175
-0.7578055812,1.9322411675
-0.7578055812,1.9334499175
-0.7578055812,1.9346586675
-0.7578055812,1.9358674175
-0.7578055812,1.9370761675
-0.7578055812,1.9382849175
-0.7578055812,1.9394936675
-0.7578055812,1.9407024175
-0.7578055812,1.9419111675
-0.7578055812,1.9431199175
-0.7578055812,1.9443286675
-0.7578055812,1.9455374175
-0.7578055812,1.9467461675
-0.7578055812,1.9479549175
-0.7578055812,1.9491636675
-0.7578055812,1.9503724175
-0.7578055812,1.9510033675
-0.7578055812,1.9516343175
-0.7578055812,1.9522652675
-0.7578055812,1.9528962175
-0.7578055812,1.9535271675
-0.7578055812,1.9541581175
-0.7578055812,1.9547890675
-0.7578055812,1.9554200175
-0.7578055812,1.9560509675
-0.7578055812,1.9566819175
-0.7578055812,1.9573128675
-0.7578055812,1.9579438175
-0.7578055812,1.9585747675
-0.7578055812,1.9592057175
-0.7578055812,1.9598366675
-0.7578055812,1.9604676175
-0.7578055812,1.9610985675
-0.7578055812,1.9617295175
-0.7578055812,1.9623604675
-0.7578055812,1.9629914175
-0.7578055812,1.9629900675
-0.7578055812,1.9629887175
-0.7578055812,1.9629873675
-0.7578055812,1.9629860175
-0.7578055812,1.9629846675
-0.7578055812,1.9629833175
-0.7578055812,1.9629819675
-0.7578055812,1.9629806175
-0.7578055812,1.9629792675
-0.7578055812,1.9629779175
-0.7578055812,1.9629765675
-0.7578055812,1.9629752175
-0.7578055812,1.9629738675
-0.7578055812,1.9629725175
-0.7578055812,1.9629711675
-0.7578055812,1.9629698175
-0.7578055812,1.9629684675
-0.7578055812,1.9629671175
-0.7578055812,1.9629657675
-0.7578055812,1.9629644175
-0.7578055812,1.9633040585
-0.7578055812,1.9636436996
-0.7578055812,1.9639833406
-0.7578055812,1.9643229816
-0.7578055812,1.9646626226
-0.7578055812,1.9650022637
-0.7578055812,1.9653419047
-0.7578055812,1.9656815457
-0.7578055812,1.9660211868
-0.7578055812,1.9663608278
-0.7578055812,1.9667004688
-0.7578055812,1.9670401098
-0.7578055812,1.9673797509
-0.7578055812,1.9677193919
-0.7578055812,1.9680590329
-0.7578055812,1.9683986739
-0.7578055812,1.9687383150
-0.7578055812,1.9690779560
-0.7578055812,1.9694175970
-0.7578055812,1.9697572380
-0.7578055812,1.9700968791
-0.7578055812,1.9704365201
-0.7578055812,1.9707761611
-0.7578055812,1.9711158021
-0.7578055812,1.9714554432
-0.7578055812,1.9717950842
-0.7578055812,1.9721347252
-0.7578055812,1.9724743662
-0.7578055812,1.9728140073
-0.7578055812,1.9731536483
-0.7578055812,1.9734932893
-0.7578055812,1.9738329303
-0.7578055812,1.9741725714
-0.7578055812,1.9745122124
-0.7578055812,1.9748518534
-0.7578055812,1.9751914944
-0.7578055812,1.9755311355
-0.7578055812,1.9758707765
-0.7578055812,1.9762104175
-0.7578055812,1.9778746175
-0.7578055812,1.9795388175
-0.7578055812,1.9812030175
-0.7578055812,1.9828672175
-0.7578055812,1.9845314175
-0.7578055812,1.9861956175
-0.7578055812,1.9878598175
-0.7578055812,1.9895240175
-0.7578055812,1.9911882175
-0.7578055812,1.9928524175
-0.7578055812,1.9945166175
-0.7578055812,1.9961808175
-0.7578055812,1.9978450175
-0.7578055812,1.9995092175
-0.7578055812,2.0011734175
-0.7578055812,2.0028376175
-0.7578055812,2.0045018175
-0.7578055812,2.0061660175
-0.7578055812,2.0078302175
-0.7578055812,2.0094944175
-0.7578055812,2.0117379675
-0.7578055812,2.0139815175
-0.7578055812,2.0162250675
-0.7578055812,2.0184686175
-0.7578055812,2.0207121675
-0.7578055812,2.0229557175
-0.7578055812,2.0251992675
-0.7578055812,2.0274428175
-0.7578055812,2.0296863675
-0.7578055812,2.0319299175
-0.7578055812,2.0341734675
-0.7578055812,2.0364170175
-0.7578055812,2.0386605675
-0.7578055812,2.0409041175
-0.7578055812,2.0431476675
-0.7578055812,2.0453912175
-0.7578055812,2.0476347675
-0.7578055812,2.0498783175
-0.7578055812,2.0521218675
-0.7578055812,2.0543654175
-0.7578051601,2.0564181017
-0.7578047391,2.0584707859
-0.7578043180,2.0605234702
-0.7578038970,2.0625761544
-0.7578034759,2.0646288386
-0.7578030549,2.0666815228
-0.7578026338,2.0687342070
-0.7578022128,2.0707868912
-0.7578017917,2.0728395754
-0.7578013707,2.0748922596
-0.7578009496,2.0769449438
-0.7578005286,2.0789976280
-0.7578001075,2.0810503123
-0.7577996865,2.0831029965
-0.7577992654,2.0851556807
-0.7577988444,2.0872083649
-0.7577984233,2.0892610491
-0.7577980022,2.0913137333
-0.7577975812,2.0933664175
-0.7577975812,2.0947077175
-0.7577975812,2.0960490175
-0.7577975812,2.0973903175
-0.7577975812,2.0987316175
-0.7577975812,2.1000729175
-0.7577975812,2.1014142175
-0.7577975812,2.1027555175
-0.7577975812,2.1040968175
-0.7577975812,2.1054381175
-0.7577975812,2.1067794175
-0.7577975812,2.1081207175
-0.7577975812,2.1094620175
-0.7577975812,2.1108033175
-0.7577975812,2.1121446175
-0.7577975812,2.1134859175
-0.7577975812,2.1148272175
-0.7577975812,2.1161685175
-0.7577975812,2.1175098175
-0.7577975812,2.1188511175
-0.7577975812,2.1201924175
-0.7577974312,2.1211521675
-0.7577972812,2.1221119175
-0.7577971312,2.1230716675
-0.7577969812,2.1240314175
-0.7577968312,2.1249911675
-0.7577966812,2.1259509175
-0.7577965312,2.1269106675
-0.7577963812,2.1278704175
-0.7577962312,2.1288301675
-0.7577960812,2.1297899175
-0.7577959312,2.1307496675
-0.7577957812,2.1317094175
-0.7577956312,2.1326691675
-0.7577954812,2.1336289175
-0.7577953312,2.1345886675
-0.7577951812,2.1355484175
-0.7577950312,2.1365081675
-0.7577948812,2.1374679175
-0.7577947312,2.1384276675
-0.7577945812,2.1393874175
-0.7577945812,2.1403131544
-0.7577945812,2.1412388912
-0.7577945812,2.1421646280
-0.7577945812,2.1430903649
-0.7577945812,2.1440161017
-0.7577945812,2.1449418386
-0.7577945812,2.1458675754
-0.7577945812,2.1467933123
-0.7577945812,2.1477190491
-0.7577945812,2.1486447859
-0.7577945812,2.1495705228
-0.7577945812,2.1504962596
-0.7577945812,2.1514219965
-0.7577945812,2.1523477333
-0.7577945812,2.1532734702
-0.7577945812,2.1541992070
-0.7577945812,2.1551249438
-0.7577945812,2.1560506807
-0.7577945812,2.1569764175
-0.7577944812,2.1577954675
-0.7577943812,2.1586145175
-0.7577942812,2.1594335675
-0.7577941812,2.1602526175
-0.7577940812,2.1610716675
-0.7577939812,2.1618907175
-0.7577938812,2.1627097675
-0.7577937812,2.1635288175
-0.7577936812,2.1643478675
-0.7577935812,2.1651669175
-0.7577934812,2.1659859675
-0.7577933812,2.1668050175
-0.7577932812,2.1676240675
-0.7577931812,2.1684431175
-0.7577930812,2.1692621675
-0.7577929812,2.1700812175
-0.7577928812,2.1709002675
-0.7577927812,2.1717193175
-0.7577926812,2.1725383675
-0.7577925812,2.1733574175
-0.7577923707,2.1743706807
-0.7577921601,2.1753839438
-0.7577919496,2.1763972070
-0.7577917391,2.1774104702
-0.7577915286,2.1784237333
-0.7577913180,2.1794369965
-0.7577911075,2.1804502596
-0.7577908970,2.1814635228
-0.7577906865,2.1824767859
-0.7577904759,2.1834900491
-0.7577902654,2.1845033123
-0.7577900549,2.1855165754
-0.7577898444,2.1865298386
-0.7577896338,2.1875431017
-0.7577894233,2.1885563649
-0.7577892128,2.1895696280
-0.7577890022,2.1905828912
-0.7577887917,2.1915961544
-0.7577885812,2.1926094175
-0.7577884812,2.1933565675
-0.7577883812,2.1941037175
-0.7577882812,2.1948508675
-0.7577881812,2.1955980175
-0.7577880812,2.1963451675
-0.7577879812,2.1970923175
-0.7577878812,2.1978394675
-0.7577877812,2.1985866175
-0.7577876812,2.1993337675
-0.7577875812,2.2000809175
-0.7577874812,2.2008280675
-0.7577873812,2.2015752175
-0.7577872812,2.2023223675
-0.7577871812,2.2030695175
-0.7577870812,2.2038166675
-0.7577869812,2.2045638175
-0.7577868812,2.2053109675
-0.7577867812,2.2060581175
-0.7577866812,2.2068052675
-0.7577865812,2.2075524175
-0.7577863707,2.2082842596
-0.7577861601,2.2090161017
-0.7577859496,2.2097479438
-0.7577857391,2.2104797859
-0.7577855286,2.2112116280
-0.7577853180,2.2119434702
-0.7577851075,2.2126753123
-0.7577848970,2.2134071544
-0.7577846865,2.2141389965
-0.7577844759,2.2148708386
-0.7577842654,2.2156026807
-0.7577840549,2.2163345228
-0.7577838444,2.2170663649
-0.7577836338,2.2177982070
-0.7577834233,2.2185300491
-0.7577832128,2.2192618912
-0.7577830022,2.2199937333
-0.7577827917,2.2207255754
-0.7577825812,2.2214574175
-0.7577825812,2.2220279675
-0.7577825812,2.2225985175
-0.7577825812,2.2231690675
-0.7577825812,2.2237396175
-0.7577825812,2.2243101675
-0.7577825812,2.2248807175
-0.7577825812,2.2254512675
-0.7577825812,2.2260218175
-0.7577825812,2.2265923675
-0.7577825812,2.2271629175
-0.7577825812,2.2277334675
-0.7577825812,2.2283040175
-0.7577825812,2.2288745675
-0.7577825812,2.2294451175
-0.7577825812,2.2300156675
-0.7577825812,2.2305862175
-0.7577825812,2.2311567675
-0.7577825812,2.2317273175
-0.7577825812,2.2322978675
-0.7577825812,2.2328684175
-0.7577824812,2.2335420175
-0.7577823812,2.2342156175
-0.7577822812,2.2348892175
-0.7577821812,2.2355628175
-0.7577820812,2.2362364175
-0.7577819812,2.2369100175
-0.7577818812,2.2375836175
-0.7577817812,2.2382572175
-0.7577816812,2.2389308175
-0.7577815812,2.2396044175
-0.7577814812,2.2402780175
-0.7577813812,2.2409516175
-0.7577812812,2.2416252175
-0.7577811812,2.2422988175
-0.7577810812,2.2429724175
-0.7577809812,2.2436460175
-0.7577808812,2.2443196175
-0.7577807812,2.2449932175
-0.7577806812,2.2456668175
-0.7577805812,2.2463404175
-0.7577805812,2.2469447175
-0.7577805812,2.2475490175
-0.7577805812,2.2481533175
-0.7577805812,2.2487576175
-0.7577805812,2.2493619175
-0.7577805812,2.2499662175
-0.7577805812,2.2505705175
-0.7577805812,2.2511748175
-0.7577805812,2.2517791175
-0.7577805812,2.2523834175
-0.7577805812,2.2529877175
-0.7577805812,2.2535920175
-0.7577805812,2.2541963175
-0.7577805812,2.2548006175
-0.7577805812,2.2554049175
-0.7577805812,2.2560092175
-0.7577805812,2.2566135175
-0.7577805812,2.2572178175
-0.7577805812,2.2578221175
-0.7577805812,2.2584264175
-0.7577805812,2.2589799965
-0.7577805812,2.2595335754
-0.7577805812,2.2600871544
-0.7577805812,2.2606407333
-0.7577805812,2.2611943123
-0.7577805812,2.2617478912
-0.7577805812,2.2623014702
-0.7577805812,2.2628550491
-0.7577805812,2.2634086280
-0.7577805812,2.2639622070
-0.7577805812,2.2645157859
-0.7577805812,2.2650693649
-0.7577805812,2.2656229438
-0.7577805812,2.2661765228
-0.7577805812,2.2667301017
-0.7577805812,2.2672836807
-0.7577805812,2.2678372596
-0.7577805812,2.2683908386
-0.7577805812,2.2689444175
-0.7577805812,2.2694272175
-0.7577805812,2.2699100175
-0.7577805812,2.2703928175
-0.7577805812,2.2708756175
-0.7577805812,2.2713584175
-0.7577805812,2.2718412175
-0.7577805812,2.2723240175
-0.7577805812,2.2728068175
-0.7577805812,2.2732896175
-0.7577805812,2.2737724175
-0.7577805812,2.2742552175
-0.7577805812,2.2747380175
-0.7577805812,2.2752208175
-0.7577805812,2.2757036175
-0.7577805812,2.2761864175
-0.7577805812,2.2766692175
-0.7577805812,2.2771520175
-0.7577805812,2.2776348175
-0.7577805812,2.2781176175
-0.7577805812,2.2786004175
-0.7577805812,2.2786317675
-0.7577805812,2.2786631175
-0.7577805812,2.2786944675
-0.7577805812,2.2787258175
-0.7577805812,2.2787571675
-0.7577805812,2.2787885175
-0.7577805812,2.2788198675
-0.7577805812,2.2788512175
-0.7577805812,2.2788825675
-0.7577805812,2.2789139175
-0.7577805812,2.2789452675
-0.7577805812,2.2789766175
-0.7577805812,2.2790079675
-0.7577805812,2.2790393175
-0.7577805812,2.2790706675
-0.7577805812,2.2791020175
-0.7577805812,2.2791333675
-0.7577805812,2.2791647175
-0.7577805812,2.2791960675
-0.7577805812,2.2792274175
-0.7577805812,2.2792273175
-0.7577805812,2.2792272175
-0.7577805812,2.2792271175
-0.7577805812,2.2792270175
-0.7577805812,2.2792269175
-0.7577805812,2.2792268175
-0.7577805812,2.2792267175
-0.7577805812,2.2792266175
-0.7577805812,2.2792265175
-0.7577805812,2.2792264175
-0.7577805812,2.2792263175
-0.7577805812,2.2792262175
-0.7577805812,2.2792261175
-0.7577805812,2.2792260175
-0.7577805812,2.2792259175
-0.7577805812,2.2792258175
-0.7577805812,2.2792257175
-0.7577805812,2.2792256175
-0.7577805812,2.2792255175
-0.7577805812,2.2792254175
-0.7577803761,2.2792254175
-0.7577801709,2.2792254175
-0.7577799658,2.2792254175
-0.7577797607,2.2792254175
-0.7577795556,2.2792254175
-0.7577793504,2.2792254175
-0.7577791453,2.2792254175
-0.7577789402,2.2792254175
-0.7577787350,2.2792254175
-0.7577785299,2.2792254175
-0.7577783248,2.2792254175
-0.7577781197,2.2792254175
-0.7577779145,2.2792254175
-0.7577777094,2.2792254175
-0.7577775043,2.2792254175
-0.7577772991,2.2792254175
-0.7577770940,2.2792254175
-0.7577768889,2.2792254175
-0.7577766838,2.2792254175
-0.7577764786,2.2792254175
-0.7577762735,2.2792254175
-0.7577760684,2.2792254175
-0.7577758632,2.2792254175
-0.7577756581,2.2792254175
-0.7577754530,2.2792254175
-0.7577752479,2.2792254175
-0.7577750427,2.2792254175
-0.7577748376,2.2792254175
-0.7577746325,2.2792254175
-0.7577744273,2.2792254175
-0.7577742222,2.2792254175
-0.7577740171,2.2792254175
-0.7577738120,2.2792254175
-0.7577736068,2.2792254175
-0.7577734017,2.2792254175
-0.7577731966,2.2792254175
-0.7577729914,2.2792254175
-0.7577727863,2.2792254175
-0.7577725812,2.2792254175
-0.7576430812,2.2792261675
-0.7575135812,2.2792269175
-0.7573840812,2.2792276675
-0.7572545812,2.2792284175
-0.7571250812,2.2792291675
-0.7569955812,2.2792299175
-0.7568660812,2.2792306675
-0.7567365812,2.2792314175
-0.7566070812,2.2792321675
-0.7564775812,2.2792329175
-0.7563480812,2.2792336675
-0.7562185812,2.2792344175
-0.7560890812,2.2792351675
-0.7559595812,2.2792359175
-0.7558300812,2.2792366675
-0.7557005812,2.2792374175
-0.7555710812,2.2792381675
-0.7554415812,2.2792389175
-0.7553120812,2.2792396675
-0.7551825812,2.2792404175
-0.7545903812,2.2792408175
-0.7539981812,2.2792412175
-0.7534059812,2.2792416175
-0.7528137812,2.2792420175
-0.7522215812,2.2792424175
-0.7516293812,2.2792428175
-0.7510371812,2.2792432175
-0.7504449812,2.2792436175
-0.7498527812,2.2792440175
-0.7492605812,2.2792444175
-0.7486683812,2.2792448175
-0.7480761812,2.2792452175
-0.7474839812,2.2792456175
-0.7468917812,2.2792460175
-0.7462995812,2.2792464175
-0.7457073812,2.2792468175
-0.7451151812,2.2792472175
-0.7445229812,2.2792476175
-0.7439307812,2.2792480175
-0.7433385812,2.2792484175
-0.7422762812,2.2792484175
-0.7412139812,2.2792484175
-0.7401516812,2.2792484175
-0.7390893812,2.2792484175
-0.7380270812,2.2792484175
-0.7369647812,2.2792484175
-0.7359024812,2.2792484175
-0.7348401812,2.2792484175
-0.7337778812,2.2792484175
-0.7327155812,2.2792484175
-0.7316532812,2.2792484175
-0.7305909812,2.2792484175
-0.7295286812,2.2792484175
-0.7284663812,2.2792484175
-0.7274040812,2.2792484175
-0.7263417812,2.2792484175
-0.7252794812,2.2792484175
-0.7242171812,2.2792484175
-0.7231548812,2.2792484175
-0.7220925812,2.2792484175
-0.7210300022,2.2792484175
-0.7199674233,2.2792484175
-0.7189048444,2.2792484175
-0.7178422654,2.2792484175
-0.7167796865,2.2792484175
-0.7157171075,2.2792484175
-0.7146545286,2.2792484175
-0.7135919496,2.2792484175
-0.7125293707,2.2792484175
-0.7114667917,2.2792484175
-0.7104042128,2.2792484175
-0.7093416338,2.2792484175
-0.7082790549,2.2792484175
-0.7072164759,2.2792484175
-0.7061538970,2.2792484175
-0.7050913180,2.2792484175
-0.7040287391,2.2792484175
-0.7029661601,2.2792484175
-0.7019035812,2.2792484175
-0.7007431312,2.2792381675
-0.6995826812,2.2792279175
-0.6984222312,2.2792176675
-0.6972617812,2.2792074175
-0.6961013312,2.2791971675
-0.6949408812,2.2791869175
-0.6937804312,2.2791766675
-0.6926199812,2.2791664175
-0.6914595312,2.2791561675
-0.6902990812,2.2791459175
-0.6891386312,2.2791356675
-0.6879781812,2.2791254175
-0.6868177312,2.2791151675
-0.6856572812,2.2791049175
-0.6844968312,2.2790946675
-0.6833363812,2.2790844175
-0.6821759312,2.2790741675
-0.6810154812,2.2790639175
-0.6798550312,2.2790536675
-0.6786945812,2.2790434175
-0.6777212812,2.2789396675
-0.6767479812,2.2788359175
-0.6757746812,2.2787321675
-0.6748013812,2.2786284175
-0.6738280812,2.2785246675
-0.6728547812,2.2784209175
-0.6718814812,2.2783171675
-0.6709081812,2.2782134175
-0.6699348812,2.2781096675
-0.6689615812,2.2780059175
-0.6679882812,2.2779021675
-0.6670149812,2.2777984175
-0.6660416812,2.2776946675
-0.6650683812,2.2775909175
-0.6640950812,2.2774871675
-0.6631217812,2.2773834175
-0.6621484812,2.2772796675
-0.6611751812,2.2771759175
-0.6602018812,2.2770721675
-0.6592285812,2.2769684175
-0.6583796338,2.2768598386
-0.6575306865,2.2767512596
-0.6566817391,2.2766426807
-0.6558327917,2.2765341017
-0.6549838444,2.2764255228
-0.6541348970,2.2763169438
-0.6532859496,2.2762083649
-0.6524370022,2.2760997859
-0.6515880549,2.2759912070
-0.6507391075,2.2758826280
-0.6498901601,2.2757740491
-0.6490412128,2.2756654702
-0.6481922654,2.2755568912
-0.6473433180,2.2754483123
-0.6464943707,2.2753397333
-0.6456454233,2.2752311544
-0.6447964759,2.2751225754
-0.6439475286,2.2750139965
-0.6430985812,2.2749054175
-0.6422382812,2.2747052175
-0.6413779812,2.2745050175
-0.6405176812,2.2743048175
-0.6396573812,2.2741046175
-0.6387970812,2.2739044175
-0.6379367812,2.2737042175
-0.6370764812,2.2735040175
-0.6362161812,2.2733038175
-0.6353558812,2.2731036175
-0.6344955812,2.2729034175
-0.6336352812,2.2727032175
-0.6327749812,2.2725030175
-0.6319146812,2.2723028175
-0.6310543812,2.2721026175
-0.6301940812,2.2719024175
-0.6293337812,2.2717022175
-0.6284734812,2.2715020175
-0.6276131812,2.2713018175
-0.6267528812,2.2711016175
-0.6258925812,2.2709014175
-0.6254412312,2.2700570675
-0.6249898812,2.2692127175
-0.6245385312,2.2683683675
-0.6240871812,2.2675240175
-0.6236358312,2.2666796675
-0.6231844812,2.2658353175
-0.6227331312,2.2649909675
-0.6222817812,2.2641466175
-0.6218304312,2.2633022675
-0.6213790812,2.2624579175
-0.6209277312,2.2616135675
-0.6204763812,2.2607692175
-0.6200250312,2.2599248675
-0.6195736812,2.2590805175
-0.6191223312,2.2582361675
-0.6186709812,2.2573918175
-0.6182196312,2.2565474675
-0.6177682812,2.2557031175
-0.6173169312,2.2548587675
-0.6168655812,2.2540144175
-0.6167356812,2.2527652675
-0.6166057812,2.2515161175
-0.6164758812,2.2502669675
-0.6163459812,2.2490178175
-0.6162160812,2.2477686675
-0.6160861812,2.2465195175
-0.6159562812,2.2452703675
-0.6158263812,2.2440212175
-0.6156964812,2.2427720675
-0.6155665812,2.2415229175
-0.6154366812,2.2402737675
-0.6153067812,2.2390246175
-0.6151768812,2.2377754675
-0.6150469812,2.2365263175
-0.6149170812,2.2352771675
-0.6147871812,2.2340280175
-0.6146572812,2.2327788675
-0.6145273812,2.2315297175
-0.6143974812,2.2302805675
-0.6142675812,2.2290314175
-0.6142655286,2.2274218912
-0.6142634759,2.2258123649
-0.6142614233,2.2242028386
-0.6142593707,2.2225933123
-0.6142573180,2.2209837859
-0.6142552654,2.2193742596
-0.6142532128,2.2177647333
-0.6142511601,2.2161552070
-0.6142491075,2.2145456807
-0.6142470549,2.2129361544
-0.6142450022,2.2113266280
-0.6142429496,2.2097171017
-0.6142408970,2.2081075754
-0.6142388444,2.2064980491
-0.6142367917,2.2048885228
-0.6142347391,2.2032789965
-0.6142326865,2.2016694702
-0.6142306338,2.2000599438
-0.6142285812,2.1984504175
-0.6142285812,2.1968228175
-0.6142285812,2.1951952175
-0.6142285812,2.1935676175
-0.6142285812,2.1919400175
-0.6142285812,2.1903124175
-0.6142285812,2.1886848175
-0.6142285812,2.1870572175
-0.6142285812,2.1854296175
-0.6142285812,2.1838020175
-0.6142285812,2.1821744175
-0.6142285812,2.1805468175
-0.6142285812,2.1789192175
-0.6142285812,2.1772916175
-0.6142285812,2.1756640175
-0.6142285812,2.1740364175
-0.6142285812,2.1724088175
-0.6142285812,2.1707812175
-0.6142285812,2.1691536175
-0.6142285812,2.1675260175
-0.6142285812,2.1658984175
-0.6142285812,2.1643114675
-0.6142285812,2.1627245175
-0.6142285812,2.1611375675
-0.6142285812,2.1595506175
-0.6142285812,2.1579636675
-0.6142285812,2.1563767175
-0.6142285812,2.1547897675
-0.6142285812,2.1532028175
-0.6142285812,2.1516158675
-0.6142285812,2.1500289175
-0.6142285812,2.1484419675
-0.6142285812,2.1468550175
-0.6142285812,2.1452680675
-0.6142285812,2.1436811175
-0.6142285812,2.1420941675
-0.6142285812,2.1405072175
-0.6142285812,2.1389202675
-0.6142285812,2.1373333175
-0.6142285812,2.1357463675
-0.6142285812,2.1341594175
-0.6142285812,2.1323383123
-0.6142285812,2.1305172070
-0.6142285812,2.1286961017
-0.6142285812,2.1268749965
-0.6142285812,2.1250538912
-0.6142285812,2.1232327859
-0.6142285812,2.1214116807
-0.6142285812,2.1195905754
-0.6142285812,2.1177694702
-0.6142285812,2.1159483649
-0.6142285812,2.1141272596
-0.6142285812,2.1123061544
-0.6142285812,2.1104850491
-0.6142285812,2.1086639438
-0.6142285812,2.1068428386
-0.6142285812,2.1050217333
-0.6142285812,2.1032006280
-0.6142285812,2.1013795228
-0.6142285812,2.0995584175
-0.6142285812,2.0977623175
-0.6142285812,2.0959662175
-0.6142285812,2.0941701175
-0.6142285812,2.0923740175
-0.6142285812,2.0905779175
-0.6142285812,2.0887818175
-0.6142285812,2.0869857175
-0.6142285812,2.0851896175
-0.6142285812,2.0833935175
-0.6142285812,2.0815974175
-0.6142285812,2.0798013175
-0.6142285812,2.0780052175
-0.6142285812,2.0762091175
-0.6142285812,2.0744130175
-0.6142285812,2.0726169175
-0.6142285812,2.0708208175
-0.6142285812,2.0690247175
-0.6142285812,2.0672286175
-0.6142285812,2.0654325175
-0.6142285812,2.0636364175
-0.6142285812,2.0618381675
-0.6142285812,2.0600399175
-0.6142285812,2.0582416675
-0.6142285812,2.0564434175
-0.6142285812,2.0546451675
-0.6142285812,2.0528469175
-0.6142285812,2.0510486675
-0.6142285812,2.0492504175
-0.6142285812,2.0474521675
-0.6142285812,2.0456539175
-0.6142285812,2.0438556675
-0.6142285812,2.0420574175
-0.6142285812,2.0402591675
-0.6142285812,2.0384609175
-0.6142285812,2.0366626675
-0.6142285812,2.0348644175
-0.6142285812,2.0330661675
-0.6142285812,2.0312679175
-0.6142285812,2.0294696675
-0.6142285812,2.0276714175
-0.6142285812,2.0259966175
-0.6142285812,2.0243218175
-0.6142285812,2.0226470175
-0.6142285812,2.0209722175
-0.6142285812,2.0192974175
-0.6142285812,2.0176226175
-0.6142285812,2.0159478175
-0.6142285812,2.0142730175
-0.6142285812,2.0125982175
-0.6142285812,2.0109234175
-0.6142285812,2.0092486175
-0.6142285812,2.0075738175
-0.6142285812,2.0058990175
-0.6142285812,2.0042242175
-0.6142285812,2.0025494175
-0.6142285812,2.0008746175
-0.6142285812,1.9991998175
-0.6142285812,1.9975250175
-0.6142285812,1.9958502175
-0.6142285812,1.9941754175
-0.6142285812,1.9924950175
-0.6142285812,1.9908146175
-0.6142285812,1.9891342175
-0.6142285812,1.9874538175
-0.6142285812,1.9857734175
-0.6142285812,1.9840930175
-0.6142285812,1.9824126175
-0.6142285812,1.9807322175
-0.6142285812,1.9790518175
-0.6142285812,1.9773714175
-0.6142285812,1.9756910175
-0.6142285812,1.9740106175
-0.6142285812,1.9723302175
-0.6142285812,1.9706498175
-0.6142285812,1.9689694175
-0.6142285812,1.9672890175
-0.6142285812,1.9656086175
-0.6142285812,1.9639282175
-0.6142285812,1.9622478175
-0.6142285812,1.9605674175
-0.6142285812,1.9588159965
-0.6142285812,1.9570645754
-0.6142285812,1.9553131544
-0.6142285812,1.9535617333
-0.6142285812,1.9518103123
-0.6142285812,1.9500588912
-0.6142285812,1.9483074702
-0.6142285812,1.9465560491
-0.6142285812,1.9448046280
-0.6142285812,1.9430532070
-0.6142285812,1.9413017859
-0.6142285812,1.9395503649
-0.6142285812,1.9377989438
-0.6142285812,1.9360475228
-0.6142285812,1.9342961017
-0.6142285812,1.9325446807
-0.6142285812,1.9307932596
-0.6142285812,1.9290418386
-0.6142285812,1.9272904175
-0.6142290812,1.9257305175
-0.6142295812,1.9241706175
-0.6142300812,1.9226107175
-0.6142305812,1.9210508175
-0.6142310812,1.9194909175
-0.6142315812,1.9179310175
-0.6142320812,1.9163711175
-0.6142325812,1.9148112175
-0.6142330812,1.9132513175
-0.6142335812,1.9116914175
-0.6142340812,1.9101315175
-0.6142345812,1.9085716175
-0.6142350812,1.9070117175
-0.6142355812,1.9054518175
-0.6142360812,1.9038919175
-0.6142365812,1.9023320175
-0.6142370812,1.9007721175
-0.6142375812,1.8992122175
-0.6142380812,1.8976523175
-0.6142385812,1.8960924175
-0.6142398312,1.8945791675
-0.6142410812,1.8930659175
-0.6142423312,1.8915526675
-0.6142435812,1.8900394175
-0.6142448312,1.8885261675
-0.6142460812,1.8870129175
-0.6142473312,1.8854996675
-0.6142485812,1.8839864175
-0.6142498312,1.8824731675
-0.6142510812,1.8809599175
-0.6142523312,1.8794466675
-0.6142535812,1.8779334175
-0.6142548312,1.8764201675
-0.6142560812,1.8749069175
-0.6142573312,1.8733936675
-0.6142585812,1.8718804175
-0.6142598312,1.8703671675
-0.6142610812,1.8688539175
-0.6142623312,1.8673406675
-0.6142635812,1.8658274175
-0.6142638812,1.8642973675
-0.6142641812,1.8627673175
-0.6142644812,1.8612372675
-0.6142647812,1.8597072175
-0.6142650812,1.8581771675
-0.6142653812,1.8566471175
-0.6142656812,1.8551170675
-0.6142659812,1.8535870175
-0.6142662812,1.8520569675
-0.6142665812,1.8505269175
-0.6142668812,1.8489968675
-0.6142671812,1.8474668175
-0.6142674812,1.8459367675
-0.6142677812,1.8444067175
-0.6142680812,1.8428766675
-0.6142683812,1.8413466175
-0.6142686812,1.8398165675
-0.6142689812,1.8382865175
-0.6142692812,1.8367564675
-0.6142695812,1.8352264175
-0.6142711812,1.8337177675
-0.6142727812,1.8322091175
-0.6142743812,1.8307004675
-0.6142759812,1.8291918175
-0.6142775812,1.8276831675
-0.6142791812,1.8261745175
-0.6142807812,1.8246658675
-0.6142823812,1.8231572175
-0.6142839812,1.8216485675
-0.6142855812,1.8201399175
-0.6142871812,1.8186312675
-0.6142887812,1.8171226175
-0.6142903812,1.8156139675
-0.6142919812,1.8141053175
-0.6142935812,1.8125966675
-0.6142951812,1.8110880175
-0.6142967812,1.8095793675
-0.6142983812,1.8080707175
-0.6142999812,1.8065620675
-0.6143015812,1.8050534175
-0.6143052128,1.8033483649
-0.6143088444,1.8016433123
-0.6143124759,1.7999382596
-0.6143161075,1.7982332070
-0.6143197391,1.7965281544
-0.6143233707,1.7948231017
-0.6143270022,1.7931180491
-0.6143306338,1.7914129965
-0.6143342654,1.7897079438
-0.6143378970,1.7880028912
-0.6143415286,1.7862978386
-0.6143451601,1.7845927859
-0.6143487917,1.7828877333
-0.6143524233,1.7811826807
-0.6143560549,1.7794776280
-0.6143596865,1.7777725754
-0.6143633180,1.7760675228
-0.6143669496,1.7743624702
-0.6143705812,1.7726574175
-0.6143766312,1.7707949675
-0.6143826812,1.7689325175
-0.6143887312,1.7670700675
-0.6143947812,1.7652076175
-0.6144008312,1.7633451675
-0.6144068812,1.7614827175
-0.6144129312,1.7596202675
-0.6144189812,1.7577578175
-0.6144250312,1.7558953675
-0.6144310812,1.7540329175
-0.6144371312,1.7521704675
-0.6144431812,1.7503080175
-0.6144492312,1.7484455675
-0.6144552812,1.7465831175
-0.6144613312,1.7447206675
-0.6144673812,1.7428582175
-0.6144734312,1.7409957675
-0.6144794812,1.7391333175
-0.6144855312,1.7372708675
-0.6144915812,1.7354084175
-0.6144930312,1.7333883675
-0.6144944812,1.7313683175
-0.6144959312,1.7293482675
-0.6144973812,1.7273282175
-0.6144988312,1.7253081675
-0.6145002812,1.7232881175
-0.6145017312,1.7212680675
-0.6145031812,1.7192480175
-0.6145046312,1.7172279675
-0.6145060812,1.7152079175
-0.6145075312,1.7131878675
-0.6145089812,1.7111678175
-0.6145104312,1.7091477675
-0.6145118812,1.7071277175
-0.6145133312,1.7051076675
-0.6145147812,1.7030876175
-0.6145162312,1.7010675675
-0.6145176812,1.6990475175
-0.6145191312,1.6970274675
-0.6145205812,1.6950074175
-0.6145206812,1.6929967175
-0.6145207812,1.6909860175
-0.6145208812,1.6889753175
-0.6145209812,1.6869646175
-0.6145210812,1.6849539175
-0.6145211812,1.6829432175
-0.6145212812,1.6809325175
-0.6145213812,1.6789218175
-0.6145214812,1.6769111175
-0.6145215812,1.6749004175
-0.6145216812,1.6728897175
-0.6145217812,1.6708790175
-0.6145218812,1.6688683175
-0.6145219812,1.6668576175
-0.6145220812,1.6648469175
-0.6145221812,1.6628362175
-0.6145222812,1.6608255175
-0.6145223812,1.6588148175
-0.6145224812,1.6568041175
-0.6145225812,1.6547934175
-0.6145225812,1.6528202596
-0.6145225812,1.6508471017
-0.6145225812,1.6488739438
-0.6145225812,1.6469007859
-0.6145225812,1.6449276280
-0.6145225812,1.6429544702
-0.6145225812,1.6409813123
-0.6145225812,1.6390081544
-0.6145225812,1.6370349965
-0.6145225812,1.6350618386
-0.6145225812,1.6330886807
-0.6145225812,1.6311155228
-0.6145225812,1.6291423649
-0.6145225812,1.6271692070
-0.6145225812,1.6251960491
-0.6145225812,1.6232228912
-0.6145225812,1.6212497333
-0.6145225812,1.6192765754
-0.6145225812,1.6173034175
-0.6145226812,1.6154688675
-0.6145227812,1.6136343175
-0.6145228812,1.6117997675
-0.6145229812,1.6099652175
-0.6145230812,1.6081306675
-0.6145231812,1.6062961175
-0.6145232812,1.6044615675
-0.6145233812,1.6026270175
-0.6145234812,1.6007924675
-0.6145235812,1.5989579175
-0.6145236812,1.5971233675
-0.6145237812,1.5952888175
-0.6145238812,1.5934542675
-0.6145239812,1.5916197175
-0.6145240812,1.5897851675
-0.6145241812,1.5879506175
-0.6145242812,1.5861160675
-0.6145243812,1.5842815175
-0.6145244812,1.5824469675
-0.6145245812,1.5806124175
-0.6145245812,1.5799071675
-0.6145245812,1.5792019175
-0.6145245812,1.5784966675
-0.6145245812,1.5777914175
-0.6145245812,1.5770861675
-0.6145245812,1.5763809175
-0.6145245812,1.5756756675
-0.6145245812,1.5749704175
-0.6145245812,1.5742651675
-0.6145245812,1.5735599175
-0.6145245812,1.5728546675
-0.6145245812,1.5721494175
-0.6145245812,1.5714441675
-0.6145245812,1.5707389175
-0.6145245812,1.5700336675
-0.6145245812,1.5693284175
-0.6145245812,1.5686231675
-0.6145245812,1.5679179175
-0.6145245812,1.5672126675
-0.6145245812,1.5665074175
-0.6145245812,1.5665075175
-0.6145245812,1.5665076175
-0.6145245812,1.5665077175
-0.6145245812,1.5665078175
-0.6145245812,1.5665079175
-0.6145245812,1.5665080175
-0.6145245812,1.5665081175
-0.6145245812,1.5665082175
-0.6145245812,1.5665083175
-0.6145245812,1.5665084175
-0.6145245812,1.5665085175
-0.6145245812,1.5665086175
-0.6145245812,1.5665087175
-0.6145245812,1.5665088175
-0.6145245812,1.5665089175
-0.6145245812,1.5665090175
-0.6145245812,1.5665091175
-0.6145245812,1.5665092175
-0.6145245812,1.5665093175
-0.6145245812,1.5665094175
-0.6145245812,1.5665092141
-0.6145245812,1.5665090107
-0.6145245812,1.5665088074
-0.6145245812,1.5665086040
-0.6145245812,1.5665084006
-0.6145245812,1.5665081972
-0.6145245812,1.5665079938
-0.6145245812,1.5665077904
-0.6145245812,1.5665075870
-0.6145245812,1.5665073836
-0.6145245812,1.5665071802
-0.6145245812,1.5665069768
-0.6145245812,1.5665067735
-0.6145245812,1.5665065701
-0.6145245812,1.5665063667
-0.6145245812,1.5665061633
-0.6145245812,1.5665059599
-0.6145245812,1.5665057565
-0.6145245812,1.5665055531
-0.6145245812,1.5665053497
-0.6145245812,1.5665051463
-0.6145245812,1.5665049429
-0.6145245812,1.5665047396
-0.6145245812,1.5665045362
-0.6145245812,1.5665043328
-0.6145245812,1.5665041294
-0.6145245812,1.5665039260
-0.6145245812,1.5665037226
-0.6145245812,1.5665035192
-0.6145245812,1.5665033158
-0.6145245812,1.5665031124
-0.6145245812,1.5665029090
-0.6145245812,1.5665027057
-0.6145245812,1.5665025023
-0.6145245812,1.5665022989
-0.6145245812,1.5665020955
-0.6145245812,1.5665018921
-0.6145245812,1.5665016887
-0.6145245812,1.5665014853
-0.6145245812,1.5665012819
-0.6145245812,1.5665010785
-0.6145245812,1.5665008751
-0.6145245812,1.5665006718
-0.6145245812,1.5665004684
-0.6145245812,1.5665002650
-0.6145245812,1.5665000616
-0.6145245812,1.5664998582
-0.6145245812,1.5664996548
-0.6145245812,1.5664994514
-0.6145245812,1.5664992480
-0.6145245812,1.5664990446
-0.6145245812,1.5664988412
-0.6145245812,1.5664986379
-0.6145245812,1.5664984345
-0.6145245812,1.5664982311
-0.6145245812,1.5664980277
-0.6145245812,1.5664978243
-0.6145245812,1.5664976209
-0.6145245812,1.5664974175
-0.6145257312,1.5659217175
-0.6145268812,1.5653460175
-0.6145280312,1.5647703175
-0.6145291812,1.5641946175
-0.6145303312,1.5636189175
-0.6145314812,1.5630432175
-0.6145326312,1.5624675175
-0.6145337812,1.5618918175
-0.6145349312,1.5613161175
-0.6145360812,1.5607404175
-0.6145372312,1.5601647175
-0.6145383812,1.5595890175
-0.6145395312,1.5590133175
-0.6145406812,1.5584376175
-0.6145418312,1.5578619175
-0.6145429812,1.5572862175
-0.6145441312,1.5567105175
-0.6145452812,1.5561348175
-0.6145464312,1.5555591175
-0.6145475812,1.5549834175
-0.6145558312,1.5532341175
-0.6145640812,1.5514848175
-0.6145723312,1.5497355175
-0.6145805812,1.5479862175
-0.6145888312,1.5462369175
-0.6145970812,1.5444876175
-0.6146053312,1.5427383175
-0.6146135812,1.5409890175
-0.6146218312,1.5392397175
-0.6146300812,1.5374904175
-0.6146383312,1.5357411175
-0.6146465812,1.5339918175
-0.6146548312,1.5322425175
-0.6146630812,1.5304932175
-0.6146713312,1.5287439175
-0.6146795812,1.5269946175
-0.6146878312,1.5252453175
-0.6146960812,1.5234960175
-0.6147043312,1.5217467175
-0.6147125812,1.5199974175
-0.6147137312,1.5176902175
-0.6147148812,1.5153830175
-0.6147160312,1.5130758175
-0.6147171812,1.5107686175
-0.6147183312,1.5084614175
-0.6147194812,1.5061542175
-0.6147206312,1.5038470175
-0.6147217812,1.5015398175
-0.6147229312,1.4992326175
-0.6147240812,1.4969254175
-0.6147252312,1.4946182175
-0.6147263812,1.4923110175
-0.6147275312,1.4900038175
-0.6147286812,1.4876966175
-0.6147298312,1.4853894175
-0.6147309812,1.4830822175
-0.6147321312,1.4807750175
-0.6147332812,1.4784678175
-0.6147344312,1.4761606175
-0.6147355812,1.4738534175
-0.6147358312,1.4712942175
-0.6147360812,1.4687350175
-0.6147363312,1.4661758175
-0.6147365812,1.4636166175
-0.6147368312,1.4610574175
-0.6147370812,1.4584982175
-0.6147373312,1.4559390175
-0.6147375812,1.4533798175
-0.6147378312,1.4508206175
-0.6147380812,1.4482614175
-0.6147383312,1.4457022175
-0.6147385812,1.4431430175
-0.6147388312,1.4405838175
-0.6147390812,1.4380246175
-0.6147393312,1.4354654175
-0.6147395812,1.4329062175
-0.6147398312,1.4303470175
-0.6147400812,1.4277878175
-0.6147403312,1.4252286175
-0.6147405812,1.4226694175
-0.6147405812,1.4205465754
-0.6147405812,1.4184237333
-0.6147405812,1.4163008912
-0.6147405812,1.4141780491
-0.6147405812,1.4120552070
-0.6147405812,1.4099323649
-0.6147405812,1.4078095228
-0.6147405812,1.4056866807
-0.6147405812,1.4035638386
-0.6147405812,1.4014409965
-0.6147405812,1.3993181544
-0.6147405812,1.3971953123
-0.6147405812,1.3950724702
-0.6147405812,1.3929496280
-0.6147405812,1.3908267859
-0.6147405812,1.3887039438
-0.6147405812,1.3865811017
-0.6147405812,1.3844582596
-0.6147405812,1.3823354175
-0.6147405812,1.3808525675
-0.6147405812,1.3793697175
-0.6147405812,1.3778868675
-0.6147405812,1.3764040175
-0.6147405812,1.3749211675
-0.6147405812,1.3734383175
-0.6147405812,1.3719554675
-0.6147405812,1.3704726175
-0.6147405812,1.3689897675
-0.6147405812,1.3675069175
-0.6147405812,1.3660240675
-0.6147405812,1.3645412175
-0.6147405812,1.3630583675
-0.6147405812,1.3615755175
-0.6147405812,1.3600926675
-0.6147405812,1.3586098175
-0.6147405812,1.3571269675
-0.6147405812,1.3556441175
-0.6147405812,1.3541612675
-0.6147405812,1.3526784175
-0.6147405812,1.3511808675
-0.6147405812,1.3496833175
-0.6147405812,1.3481857675
-0.6147405812,1.3466882175
-0.6147405812,1.3451906675
-0.6147405812,1.3436931175
-0.6147405812,1.3421955675
-0.6147405812,1.3406980175
-0.6147405812,1.3392004675
-0.6147405812,1.3377029175
-0.6147405812,1.3362053675
-0.6147405812,1.3347078175
-0.6147405812,1.3332102675
-0.6147405812,1.3317127175
-0.6147405812,1.3302151675
-0.6147405812,1.3287176175
-0.6147405812,1.3272200675
-0.6147405812,1.3257225175
-0.6147405812,1.3242249675
-0.6147405812,1.3227274175
-0.6147411075,1.3211051017
-0.6147416338,1.3194827859
-0.6147421601,1.3178604702
-0.6147426865,1.3162381544
-0.6147432128,1.3146158386
-0.6147437391,1.3129935228
-0.6147442654,1.3113712070
-0.6147447917,1.3097488912
-0.6147453180,1.3081265754
-0.6147458444,1.3065042596
-0.6147463707,1.3048819438
-0.6147468970,1.3032596280
-0.6147474233,1.3016373123
-0.6147479496,1.3000149965
-0.6147484759,1.2983926807
-0.6147490022,1.2967703649
-0.6147495286,1.2951480491
-0.6147500549,1.2935257333
-0.6147505812,1.2919034175
-0.6147551812,1.2901408675
-0.6147597812,1.2883783175
-0.6147643812,1.2866157675
-0.6147689812,1.2848532175
-0.6147735812,1.2830906675
-0.6147781812,1.2813281175
-0.6147827812,1.2795655675
-0.6147873812,1.2778030175
-0.6147919812,1.2760404675
-0.6147965812,1.2742779175
-0.6148011812,1.2725153675
-0.6148057812,1.2707528175
-0.6148103812,1.2689902675
-0.6148149812,1.2672277175
-0.6148195812,1.2654651675
-0.6148241812,1.2637026175
-0.6148287812,1.2619400675
-0.6148333812,1.2601775175
-0.6148379812,1.2584149675
-0.6148425812,1.2566524175
-0.6148530312,1.2548599675
-0.6148634812,1.2530675175
-0.6148739312,1.2512750675
-0.6148843812,1.2494826175
-0.6148948312,1.2476901675
-0.6149052812,1.2458977175
-0.6149157312,1.2441052675
-0.6149261812,1.2423128175
-0.6149366312,1.2405203675
-0.6149470812,1.2387279175
-0.6149575312,1.2369354675
-0.6149679812,1.2351430175
-0.6149784312,1.2333505675
-0.6149888812,1.2315581175
-0.6149993312,1.2297656675
-0.6150097812,1.2279732175
-0.6150202312,1.2261807675
-0.6150306812,1.2243883175
-0.6150411312,1.2225958675
-0.6150515812,1.2208034175
-0.6150759312,1.2192192175
-0.6151002812,1.2176350175
-0.6151246312,1.2160508175
-0.6151489812,1.2144666175
-0.6151733312,1.2128824175
-0.6151976812,1.2112982175
-0.6152220312,1.2097140175
-0.6152463812,1.2081298175
-0.6152707312,1.2065456175
-0.6152950812,1.2049614175
-0.6153194312,1.2033772175
-0.6153437812,1.2017930175
-0.6153681312,1.2002088175
-0.6153924812,1.1986246175
-0.6154168312,1.1970404175
-0.6154411812,1.1954562175
-0.6154655312,1.1938720175
-0.6154898812,1.1922878175
-0.6155142312,1.1907036175
-0.6155385812,1.1891194175
-0.6157624312,1.1881032675
-0.6159862812,1.1870871175
-0.6162101312,1.1860709675
-0.6164339812,1.1850548175
-0.6166578312,1.1840386675
-0.6168816812,1.1830225175
-0.6171055312,1.1820063675
-0.6173293812,1.1809902175
-0.6175532312,1.1799740675
-0.6177770812,1.1789579175
-0.6180009312,1.1779417675
-0.6182247812,1.1769256175
-0.6184486312,1.1759094675
-0.6186724812,1.1748933175
-0.6188963312,1.1738771675
-0.6191201812,1.1728610175
-0.6193440312,1.1718448675
-0.6195678812,1.1708287175
-0.6197917312,1.1698125675
-0.6200155812,1.1687964175
-0.6204864759,1.1683819438
-0.6209573707,1.1679674702
-0.6214282654,1.1675529965
-0.6218991601,1.1671385228
-0.6223700549,1.1667240491
-0.6228409496,1.1663095754
-0.6233118444,1.1658951017
-0.6237827391,1.1654806280
-0.6242536338,1.1650661544
-0.6247245286,1.1646516807
-0.6251954233,1.1642372070
-0.6256663180,1.1638227333
-0.6261372128,1.1634082596
-0.6266081075,1.1629937859
-0.6270790022,1.1625793123
-0.6275498970,1.1621648386
-0.6280207917,1.1617503649
-0.6284916865,1.1613358912
-0.6289625812,1.1609214175
-0.6297787812,1.1608021175
-0.6305949812,1.1606828175
-0.6314111812,1.1605635175
-0.6322273812,1.1604442175
-0.6330435812,1.1603249175
-0.6338597812,1.1602056175
-0.6346759812,1.1600863175
-0.6354921812,1.1599670175
-0.6363083812,1.1598477175
-0.6371245812,1.1597284175
-0.6379407812,1.1596091175
-0.6387569812,1.1594898175
-0.6395731812,1.1593705175
-0.6403893812,1.1592512175
-0.6412055812,1.1591319175
-0.6420217812,1.1590126175
-0.6428379812,1.1588933175
-0.6436541812,1.1587740175
-0.6444703812,1.1586547175
-0.6452865812,1.1585354175
-0.6461445312,1.1582670675
-0.6470024812,1.1579987175
-0.6478604312,1.1577303675
-0.6487183812,1.1574620175
-0.6495763312,1.1571936675
-0.6504342812,1.1569253175
-0.6512922312,1.1566569675
-0.6521501812,1.1563886175
-0.6530081312,1.1561202675
-0.6538660812,1.1558519175
-0.6547240312,1.1555835675
-0.6555819812,1.1553152175
-0.6564399312,1.1550468675
-0.6572978812,1.1547785175
-0.6581558312,1.1545101675
-0.6590137812,1.1542418175
-0.6598717312,1.1539734675
-0.6607296812,1.1537051175
-0.6615876312,1.1534367675
-0.6624455812,1.1531684175
-0.6630974233,1.1530676280
-0.6637492654,1.1529668386
-0.6644011075,1.1528660491
-0.6650529496,1.1527652596
-0.6657047917,1.1526644702
-0.6663566338,1.1525636807
-0.6670084759,1.1524628912
-0.6676603180,1.1523621017
-0.6683121601,1.1522613123
-0.6689640022,1.1521605228
-0.6696158444,1.1520597333
-0.6702676865,1.1519589438
-0.6709195286,1.1518581544
-0.6715713707,1.1517573649
-0.6722232128,1.1516565754
-0.6728750549,1.1515557859
-0.6735268970,1.1514549965
-0.6741787391,1.1513542070
-0.6748305812,1.1512534175
-0.6753095812,1.1509839175
-0.6757885812,1.1507144175
-0.6762675812,1.1504449175
-0.6767465812,1.1501754175
-0.6772255812,1.1499059175
-0.6777045812,1.1496364175
-0.6781835812,1.1493669175
-0.6786625812,1.1490974175
-0.6791415812,1.1488279175
-0.6796205812,1.1485584175
-0.6800995812,1.1482889175
-0.6805785812,1.1480194175
-0.6810575812,1.1477499175
-0.6815365812,1.1474804175
-0.6820155812,1.1472109175
-0.6824945812,1.1469414175
-0.6829735812,1.1466719175
-0.6834525812,1.1464024175
-0.6839315812,1.1461329175
-0.6844105812,1.1458634175
-0.6850141812,1.1453934175
-0.6856177812,1.1449234175
-0.6862213812,1.1444534175
-0.6868249812,1.1439834175
-0.6874285812,1.1435134175
-0.6880321812,1.1430434175
-0.6886357812,1.1425734175
-0.6892393812,1.1421034175
-0.6898429812,1.1416334175
-0.6904465812,1.1411634175
-0.6910501812,1.1406934175
-0.6916537812,1.1402234175
-0.6922573812,1.1397534175
-0.6928609812,1.1392834175
-0.6934645812,1.1388134175
-0.6940681812,1.1383434175
-0.6946717812,1.1378734175
-0.6952753812,1.1374034175
-0.6958789812,1.1369334175
-0.6964825812,1.1364634175
-0.6970433812,1.1356410175
-0.6976041812,1.1348186175
-0.6981649812,1.1339962175
-0.6987257812,1.1331738175
-0.6992865812,1.1323514175
-0.6998473812,1.1315290175
-0.7004081812,1.1307066175
-0.7009689812,1.1298842175
-0.7015297812,1.1290618175
-0.7020905812,1.1282394175
-0.7026513812,1.1274170175
-0.7032121812,1.1265946175
-0.7037729812,1.1257722175
-0.7043337812,1.1249498175
-0.7048945812,1.1241274175
-0.7054553812,1.1233050175
-0.7060161812,1.1224826175
-0.7065769812,1.1216602175
-0.7071377812,1.1208378175
-0.7076985812,1.1200154175
-0.7080073707,1.1194132596
-0.7083161601,1.1188111017
-0.7086249496,1.1182089438
-0.7089337391,1.1176067859
-0.7092425286,1.1170046280
-0.7095513180,1.1164024702
-0.7098601075,1.1158003123
-0.7101688970,1.1151981544
-0.7104776865,1.1145959965
-0.7107864759,1.1139938386
-0.7110952654,1.1133916807
-0.7114040549,1.1127895228
-0.7117128444,1.1121873649
-0.7120216338,1.1115852070
-0.7123304233,1.1109830491
-0.7126392128,1.1103808912
-0.7129480022,1.1097787333
-0.7132567917,1.1091765754
-0.7135655812,1.1085744175
-0.7136314312,1.1077633175
-0.7136972812,1.1069522175
-0.7137631312,1.1061411175
-0.7138289812,1.1053300175
-0.7138948312,1.1045189175
-0.7139606812,1.1037078175
-0.7140265312,1.1028967175
-0.7140923812,1.1020856175
-0.7141582312,1.1012745175
-0.7142240812,1.1004634175
-0.7142899312,1.0996523175
-0.7143557812,1.0988412175
-0.7144216312,1.0980301175
-0.7144874812,1.0972190175
-0.7145533312,1.0964079175
-0.7146191812,1.0955968175
-0.7146850312,1.0947857175
-0.7147508812,1.0939746175
-0.7148167312,1.0931635175
-0.7148825812,1.0923524175
-0.7152377312,1.0913753675
-0.7155928812,1.0903983175
-0.7159480312,1.0894212675
-0.7163031812,1.0884442175
-0.7166583312,1.0874671675
-0.7170134812,1.0864901175
-0.7173686312,1.0855130675
-0.7177237812,1.0845360175
-0.7180789312,1.0835589675
-0.7184340812,1.0825819175
-0.7187892312,1.0816048675
-0.7191443812,1.0806278175
-0.7194995312,1.0796507675
-0.7198546812,1.0786737175
-0.7202098312,1.0776966675
-0.7205649812,1.0767196175
-0.7209201312,1.0757425675
-0.7212752812,1.0747655175
-0.7216304312,1.0737884675
-0.7219855812,1.0728114175
-0.7226701075,1.0718237859
-0.7233546338,1.0708361544
-0.7240391601,1.0698485228
-0.7247236865,1.0688608912
-0.7254082128,1.0678732596
-0.7260927391,1.0668856280
-0.7267772654,1.0658979965
-0.7274617917,1.0649103649
-0.7281463180,1.0639227333
-0.7288308444,1.0629351017
-0.7295153707,1.0619474702
-0.7301998970,1.0609598386
-0.7308844233,1.0599722070
-0.7315689496,1.0589845754
-0.7322534759,1.0579969438
-0.7329380022,1.0570093123
-0.7336225286,1.0560216807
-0.7343070549,1.0550340491
-0.7349915812,1.0540464175
-0.7355986312,1.0533445175
-0.7362056812,1.0526426175
-0.7368127312,1.0519407175
-0.7374197812,1.0512388175
-0.7380268312,1.0505369175
-0.7386338812,1.0498350175
-0.7392409312,1.0491331175
-0.7398479812,1.0484312175
-0.7404550312,1.0477293175
-0.7410620812,1.0470274175
-0.7416691312,1.0463255175
-0.7422761812,1.0456236175
-0.7428832312,1.0449217175
-0.7434902812,1.0442198175
-0.7440973312,1.0435179175
-0.7447043812,1.0428160175
-0.7453114312,1.0421141175
-0.7459184812,1.0414122175
-0.7465255312,1.0407103175
-0.7471325812,1.0400084175
-0.7476421812,1.0393823675
-0.7481517812,1.0387563175
-0.7486613812,1.0381302675
-0.7491709812,1.0375042175
-0.7496805812,1.0368781675
-0.7501901812,1.0362521175
-0.7506997812,1.0356260675
-0.7512093812,1.0350000175
-0.7517189812,1.0343739675
-0.7522285812,1.0337479175
-0.7527381812,1.0331218675
-0.7532477812,1.0324958175
-0.7537573812,1.0318697675
-0.7542669812,1.0312437175
-0.7547765812,1.0306176675
-0.7552861812,1.0299916175
-0.7557957812,1.0293655675
-0.7563053812,1.0287395175
-0.7568149812,1.0281134675
-0.7573245812,1.0274874175
-0.7579119812,1.0269851675
-0.7584993812,1.0264829175
-0.7590867812,1.0259806675
-0.7596741812,1.0254784175
-0.7602615812,1.0249761675
-0.7608489812,1.0244739175
-0.7614363812,1.0239716675
-0.7620237812,1.0234694175
-0.7626111812,1.0229671675
-0.7631985812,1.0224649175
-0.7637859812,1.0219626675
-0.7643733812,1.0214604175
-0.7649607812,1.0209581675
-0.7655481812,1.0204559175
-0.7661355812,1.0199536675
-0.7667229812,1.0194514175
-0.7673103812,1.0189491675
-0.7678977812,1.0184469175
-0.7684851812,1.0179446675
-0.7690725812,1.0174424175
-0.7695738312,1.0168289175
-0.7700750812,1.0162154175
-0.7705763312,1.0156019175
-0.7710775812,1.0149884175
-0.7715788312,1.0143749175
-0.7720800812,1.0137614175
-0.7725813312,1.0131479175
-0.7730825812,1.0125344175
-0.7735838312,1.0119209175
-0.7740850812,1.0113074175
-0.7745863312,1.0106939175
-0.7750875812,1.0100804175
-0.7755888312,1.0094669175
-0.7760900812,1.0088534175
-0.7765913312,1.0082399175
-0.7770925812,1.0076264175
-0.7775938312,1.0070129175
-0.7780950812,1.0063994175
-0.7785963312,1.0057859175
-0.7790975812,1.0051724175
-0.7796804759,1.0046478386
-0.7802633707,1.0041232596
-0.7808462654,1.0035986807
-0.7814291601,1.0030741017
-0.7820120549,1.0025495228
-0.7825949496,1.0020249438
-0.7831778444,1.0015003649
-0.7837607391,1.0009757859
-0.7843436338,1.0004512070
-0.7849265286,0.9999266280
-0.7855094233,0.9994020491
-0.7860923180,0.9988774702
-0.7866752128,0.9983528912
-0.7872581075,0.9978283123
-0.7878410022,0.9973037333
-0.7884238970,0.9967791544
-0.7890067917,0.9962545754
-0.7895896865,0.9957299965
-0.7901725812,0.9952054175
-0.7908359312,0.9948955175
-0.7914992812,0.9945856175
-0.7921626312,0.9942757175
-0.7928259812,0.9939658175
-0.7934893312,0.9936559175
-0.7941526812,0.9933460175
-0.7948160312,0.9930361175
-0.7954793812,0.9927262175
-0.7961427312,0.9924163175
-0.7968060812,0.9921064175
-0.7974694312,0.9917965175
-0.7981327812,0.9914866175
-0.7987961312,0.9911767175
-0.7994594812,0.9908668175
-0.8001228312,0.9905569175
-0.8007861812,0.9902470175
-0.8014495312,0.9899371175
-0.8021128812,0.9896272175
-0.8027762312,0.9893173175
-0.8034395812,0.9890074175
-0.8039971601,0.9884926280
-0.8045547391,0.9879778386
-0.8051123180,0.9874630491
-0.8056698970,0.9869482596
-0.8062274759,0.9864334702
-0.8067850549,0.9859186807
-0.8073426338,0.9854038912
-0.8079002128,0.9848891017
-0.8084577917,0.9843743123
-0.8090153707,0.9838595228
-0.8095729496,0.9833447333
-0.8101305286,0.9828299438
-0.8106881075,0.9823151544
-0.8112456865,0.9818003649
-0.8118032654,0.9812855754
-0.8123608444,0.9807707859
-0.8129184233,0.9802559965
-0.8134760022,0.9797412070
-0.8140335812,0.9792264175
-0.8146056812,0.9785974175
-0.8151777812,0.9779684175
-0.8157498812,0.9773394175
-0.8163219812,0.9767104175
-0.8168940812,0.9760814175
-0.8174661812,0.9754524175
-0.8180382812,0.9748234175
-0.8186103812,0.9741944175
-0.8191824812,0.9735654175
-0.8197545812,0.9729364175
-0.8203266812,0.9723074175
-0.8208987812,0.9716784175
-0.8214708812,0.9710494175
-0.8220429812,0.9704204175
-0.8226150812,0.9697914175
-0.8231871812,0.9691624175
-0.8237592812,0.9685334175
-0.8243313812,0.9679044175
-0.8249034812,0.9672754175
-0.8254755812,0.9666464175
-0.8260474312,0.9661052175
-0.8266192812,0.9655640175
-0.8271911312,0.9650228175
-0.8277629812,0.9644816175
-0.8283348312,0.9639404175
-0.8289066812,0.9633992175
-0.8294785312,0.9628580175
-0.8300503812,0.9623168175
-0.8306222312,0.9617756175
-0.8311940812,0.9612344175
-0.8317659312,0.9606932175
-0.8323377812,0.9601520175
-0.8329096312,0.9596108175
-0.8334814812,0.9590696175
-0.8340533312,0.9585284175
-0.8346251812,0.9579872175
-0.8351970312,0.9574460175
-0.8357688812,0.9569048175
-0.8363407312,0.9563636175
-0.8369125812,0.9558224175
-0.8373693312,0.9551625175
-0.8378260812,0.9545026175
-0.8382828312,0.9538427175
-0.8387395812,0.9531828175
-0.8391963312,0.9525229175
-0.8396530812,0.9518630175
-0.8401098312,0.9512031175
-0.8405665812,0.9505432175
-0.8410233312,0.9498833175
-0.8414800812,0.9492234175
-0.8419368312,0.9485635175
-0.8423935812,0.9479036175
-0.8428503312,0.9472437175
-0.8433070812,0.9465838175
-0.8437638312,0.9459239175
-0.8442205812,0.9452640175
-0.8446773312,0.9446041175
-0.8451340812,0.9439442175
-0.8455908312,0.9432843175
-0.8460475812,0.9426244175
-0.8465591601,0.9418541544
-0.8470707391,0.9410838912
-0.8475823180,0.9403136280
-0.8480938970,0.9395433649
-0.8486054759,0.9387731017
-0.8491170549,0.9380028386
-0.8496286338,0.9372325754
-0.8501402128,0.9364623123
-0.8506517917,0.9356920491
-0.8511633707,0.9349217859
-0.8516749496,0.9341515228
-0.8521865286,0.9333812596
-0.8526981075,0.9326109965
-0.8532096865,0.9318407333
-0.8537212654,0.9310704702
-0.8542328444,0.9303002070
-0.8547444233,0.9295299438
-0.8552560022,0.9287596807
-0.8557675812,0.9279894175
-0.8562841312,0.9272875675
-0.8568006812,0.9265857175
-0.8573172312,0.9258838675
-0.8578337812,0.9251820175
-0.8583503312,0.9244801675
-0.8588668812,0.9237783175
-0.8593834312,0.9230764675
-0.8598999812,0.9223746175
-0.8604165312,0.9216727675
-0.8609330812,0.9209709175
-0.8614496312,0.9202690675
-0.8619661812,0.9195672175
-0.8624827312,0.9188653675
-0.8629992812,0.9181635175
-0.8635158312,0.9174616675
-0.8640323812,0.9167598175
-0.8645489312,0.9160579675
-0.8650654812,0.9153561175
-0.8655820312,0.9146542675
-0.8660985812,0.9139524175
-0.8665131812,0.9132864675
-0.8669277812,0.9126205175
-0.8673423812,0.9119545675
-0.8677569812,0.9112886175
-0.8681715812,0.9106226675
-0.8685861812,0.9099567175
-0.8690007812,0.9092907675
-0.8694153812,0.9086248175
-0.8698299812,0.9079588675
-0.8702445812,0.9072929175
-0.8706591812,0.9066269675
-0.8710737812,0.9059610175
-0.8714883812,0.9052950675
-0.8719029812,0.9046291175
-0.8723175812,0.9039631675
-0.8727321812,0.9032972175
-0.8731467812,0.9026312675
-0.8735613812,0.9019653175
-0.8739759812,0.9012993675
-0.8743905812,0.9006334175
-0.8748341075,0.9001938912
-0.8752776338,0.8997543649
-0.8757211601,0.8993148386
-0.8761646865,0.8988753123
-0.8766082128,0.8984357859
-0.8770517391,0.8979962596
-0.8774952654,0.8975567333
-0.8779387917,0.8971172070
-0.8783823180,0.8966776807
-0.8788258444,0.8962381544
-0.8792693707,0.8957986280
-0.8797128970,0.8953591017
-0.8801564233,0.8949195754
-0.8805999496,0.8944800491
-0.8810434759,0.8940405228
-0.8814870022,0.8936009965
-0.8819305286,0.8931614702
-0.8823740549,0.8927219438
-0.8828175812,0.8922824175
-0.8833219812,0.8918452175
-0.8838263812,0.8914080175
-0.8843307812,0.8909708175
-0.8848351812,0.8905336175
-0.8853395812,0.8900964175
-0.8858439812,0.8896592175
-0.8863483812,0.8892220175
-0.8868527812,0.8887848175
-0.8873571812,0.8883476175
-0.8878615812,0.8879104175
-0.8883659812,0.8874732175
-0.8888703812,0.8870360175
-0.8893747812,0.8865988175
-0.8898791812,0.8861616175
-0.8903835812,0.8857244175
-0.8908879812,0.8852872175
-0.8913923812,0.8848500175
-0.8918967812,0.8844128175
-0.8924011812,0.8839756175
-0.8929055812,0.8835384175
-0.8933252812,0.8830759675
-0.8937449812,0.8826135175
-0.8941646812,0.8821510675
-0.8945843812,0.8816886175
-0.8950040812,0.8812261675
-0.8954237812,0.8807637175
-0.8958434812,0.8803012675
-0.8962631812,0.8798388175
-0.8966828812,0.8793763675
-0.8971025812,0.8789139175
-0.8975222812,0.8784514675
-0.8979419812,0.8779890175
-0.8983616812,0.8775265675
-0.8987813812,0.8770641175
-0.8992010812,0.8766016675
-0.8996207812,0.8761392175
-0.9000404812,0.8756767675
-0.9004601812,0.8752143175
-0.9008798812,0.8747518675
-0.9012995812,0.8742894175
-0.9017665812,0.8741081544
-0.9022335812,0.8739268912
-0.9027005812,0.8737456280
-0.9031675812,0.8735643649
-0.9036345812,0.8733831017
-0.9041015812,0.8732018386
-0.9045685812,0.8730205754
-0.9050355812,0.8728393123
-0.9055025812,0.8726580491
-0.9059695812,0.8724767859
-0.9064365812,0.8722955228
-0.9069035812,0.8721142596
-0.9073705812,0.8719329965
-0.9078375812,0.8717517333
-0.9083045812,0.8715704702
-0.9087715812,0.8713892070
-0.9092385812,0.8712079438
-0.9097055812,0.8710266807
-0.9101725812,0.8708454175
-0.9105586312,0.8708450175
-0.9109446812,0.8708446175
-0.9113307312,0.8708442175
-0.9117167812,0.8708438175
-0.9121028312,0.8708434175
-0.9124888812,0.8708430175
-0.9128749312,0.8708426175
-0.9132609812,0.8708422175
-0.9136470312,0.8708418175
-0.9140330812,0.8708414175
-0.9144191312,0.8708410175
-0.9148051812,0.8708406175
-0.9151912312,0.8708402175
-0.9155772812,0.8708398175
-0.9159633312,0.8708394175
-0.9163493812,0.8708390175
-0.9167354312,0.8708386175
-0.9171214812,0.8708382175
-0.9175075312,0.8708378175
-0.9178935812,0.8708374175
-0.9180538812,0.8708373175
-0.9182141812,0.8708372175
-0.9183744812,0.8708371175
-0.9185347812,0.8708370175
-0.9186950812,0.8708369175
-0.9188553812,0.8708368175
-0.9190156812,0.8708367175
-0.9191759812,0.8708366175
-0.9193362812,0.8708365175
-0.9194965812,0.8708364175
-0.9196568812,0.8708363175
-0.9198171812,0.8708362175
-0.9199774812,0.8708361175
-0.9201377812,0.8708360175
-0.9202980812,0.8708359175
-0.9204583812,0.8708358175
-0.9206186812,0.8708357175
-0.9207789812,0.8708356175
-0.9209392812,0.8708355175
-0.9210995812,0.8708354175
-0.9214416812,0.8708339675
-0.9217837812,0.8708325175
-0.9221258812,0.8708310675
-0.9224679812,0.8708296175
-0.9228100812,0.8708281675
-0.9231521812,0.8708267175
-0.9234942812,0.8708252675
-0.9238363812,0.8708238175
-0.9241784812,0.8708223675
-0.9245205812,0.8708209175
-0.9248626812,0.8708194675
-0.9252047812,0.8708180175
-0.9255468812,0.8708165675
-0.9258889812,0.8708151175
-0.9262310812,0.8708136675
-0.9265731812,0.8708122175
-0.9269152812,0.8708107675
-0.9272573812,0.8708093175
-0.9275994812,0.8708078675
-0.9279415812,0.8708064175
-0.9285138970,0.8708033123
-0.9290862128,0.8708002070
-0.9296585286,0.8707971017
-0.9302308444,0.8707939965
-0.9308031601,0.8707908912
-0.9313754759,0.8707877859
-0.9319477917,0.8707846807
-0.9325201075,0.8707815754
-0.9330924233,0.8707784702
-0.9336647391,0.8707753649
-0.9342370549,0.8707722596
-0.9348093707,0.8707691544
-0.9353816865,0.8707660491
-0.9359540022,0.8707629438
-0.9365263180,0.8707598386
-0.9370986338,0.8707567333
-0.9376709496,0.8707536280
-0.9382432654,0.8707505228
-0.9388155812,0.8707474175
-0.9394437312,0.8707468175
-0.9400718812,0.8707462175
-0.9407000312,0.8707456175
-0.9413281812,0.8707450175
-0.9419563312,0.8707444175
-0.9425844812,0.8707438175
-0.9432126312,0.8707432175
-0.9438407812,0.8707426175
-0.9444689312,0.8707420175
-0.9450970812,0.8707414175
-0.9457252312,0.8707408175
-0.9463533812,0.8707402175
-0.9469815312,0.8707396175
-0.9476096812,0.8707390175
-0.9482378312,0.8707384175
-0.9488659812,0.8707378175
-0.9494941312,0.8707372175
-0.9501222812,0.8707366175
-0.9507504312,0.8707360175
-0.9513785812,0.8707354175
-0.9515899812,0.8707356175
-0.9518013812,0.8707358175
-0.9520127812,0.8707360175
-0.9522241812,0.8707362175
-0.9524355812,0.8707364175
-0.9526469812,0.8707366175
-0.9528583812,0.8707368175
-0.9530697812,0.8707370175
-0.9532811812,0.8707372175
-0.9534925812,0.8707374175
-0.9537039812,0.8707376175
-0.9539153812,0.8707378175
-0.9541267812,0.8707380175
-0.9543381812,0.8707382175
-0.9545495812,0.8707384175
-0.9547609812,0.8707386175
-0.9549723812,0.8707388175
-0.9551837812,0.8707390175
-0.9553951812,0.8707392175
-0.9556065812,0.8707394175
-0.9556039496,0.8707403649
-0.9556013180,0.8707413123
-0.9555986865,0.8707422596
-0.9555960549,0.8707432070
-0.9555934233,0.8707441544
-0.9555907917,0.8707451017
-0.9555881601,0.8707460491
-0.9555855286,0.8707469965
-0.9555828970,0.8707479438
-0.9555802654,0.8707488912
-0.9555776338,0.8707498386
-0.9555750022,0.8707507859
-0.9555723707,0.8707517333
-0.9555697391,0.8707526807
-0.9555671075,0.8707536280
-0.9555644759,0.8707545754
-0.9555618444,0.8707555228
-0.9555592128,0.8707564702
-0.9555565812,0.8707574175
-0.9555637812,0.8707576675
-0.9555709812,0.8707579175
-0.9555781812,0.8707581675
-0.9555853812,0.8707584175
-0.9555925812,0.8707586675
-0.9555997812,0.8707589175
-0.9556069812,0.8707591675
-0.9556141812,0.8707594175
-0.9556213812,0.8707596675
-0.9556285812,0.8707599175
-0.9556357812,0.8707601675
-0.9556429812,0.8707604175
-0.9556501812,0.8707606675
-0.9556573812,0.8707609175
-0.9556645812,0.8707611675
-0.9556717812,0.8707614175
-0.9556789812,0.8707616675
-0.9556861812,0.8707619175
-0.9556933812,0.8707621675
-0.9557005812,0.8707624175
-0.9557017312,0.8707637675
-0.9557028812,0.8707651175
-0.9557040312,0.8707664675
-0.9557051812,0.8707678175
-0.9557063312,0.8707691675
-0.9557074812,0.8707705175
-0.9557086312,0.8707718675
-0.9557097812,0.8707732175
-0.9557109312,0.8707745675
-0.9557120812,0.8707759175
-0.9557132312,0.8707772675
-0.9557143812,0.8707786175
-0.9557155312,0.8707799675
-0.9557166812,0.8707813175
-0.9557178312,0.8707826675
-0.9557189812,0.8707840175
-0.9557201312,0.8707853675
-0.9557212812,0.8707867175
-0.9557224312,0.8707880675
-0.9557235812,0.8707894175
-0.9557282128,0.8707908386
-0.9557328444,0.8707922596
-0.9557374759,0.8707936807
-0.9557421075,0.8707951017
-0.9557467391,0.8707965228
-0.9557513707,0.8707979438
-0.9557560022,0.8707993649
-0.9557606338,0.8708007859
-0.9557652654,0.8708022070
-0.9557698970,0.8708036280
-0.9557745286,0.8708050491
-0.9557791601,0.8708064702
-0.9557837917,0.8708078912
-0.9557884233,0.8708093123
-0.9557930549,0.8708107333
-0.9557976865,0.8708121544
-0.9558023180,0.8708135754
-0.9558069496,0.8708149965
-0.9558115812,0.8708164175
-0.9558519812,0.8708249675
-0.9558923812,0.8708335175
-0.9559327812,0.8708420675
-0.9559731812,0.8708506175
-0.9560135812,0.8708591675
-0.9560539812,0.8708677175
-0.9560943812,0.8708762675
-0.9561347812,0.8708848175
-0.9561751812,0.8708933675
-0.9562155812,0.8709019175
-0.9562559812,0.8709104675
-0.9562963812,0.8709190175
-0.9563367812,0.8709275675
-0.9563771812,0.8709361175
-0.9564175812,0.8709446675
-0.9564579812,0.8709532175
-0.9564983812,0.8709617675
-0.9565387812,0.8709703175
-0.9565791812,0.8709788675
-0.9566195812,0.8709874175
-0.9566698812,0.8710328675
-0.9567201812,0.8710783175
-0.9567704812,0.8711237675
-0.9568207812,0.8711692175
-0.9568710812,0.8712146675
-0.9569213812,0.8712601175
-0.9569716812,0.8713055675
-0.9570219812,0.8713510175
-0.9570722812,0.8713964675
-0.9571225812,0.8714419175
-0.9571728812,0.8714873675
-0.9572231812,0.8715328175
-0.9572734812,0.8715782675
-0.9573237812,0.8716237175
-0.9573740812,0.8716691675
-0.9574243812,0.8717146175
-0.9574746812,0.8717600675
-0.9575249812,0.8718055175
-0.9575752812,0.8718509675
-0.9576255812,0.8718964175
-0.9575970549,0.8727343123
-0.9575685286,0.8735722070
-0.9575400022,0.8744101017
-0.9575114759,0.8752479965
-0.9574829496,0.8760858912
-0.9574544233,0.8769237859
-0.9574258970,0.8777616807
-0.9573973707,0.8785995754
-0.9573688444,0.8794374702
-0.9573403180,0.8802753649
-0.9573117917,0.8811132596
-0.9572832654,0.8819511544
-0.9572547391,0.8827890491
-0.9572262128,0.8836269438
-0.9571976865,0.8844648386
-0.9571691601,0.8853027333
-0.9571406338,0.8861406280
-0.9571121075,0.8869785228
-0.9570835812,0.8878164175
-0.9570815312,0.8896684175
-0.9570794812,0.8915204175
-0.9570774312,0.8933724175
-0.9570753812,0.8952244175
-0.9570733312,0.8970764175
-0.9570712812,0.8989284175
-0.9570692312,0.9007804175
-0.9570671812,0.9026324175
-0.9570651312,0.9044844175
-0.9570630812,0.9063364175
-0.9570610312,0.9081884175
-0.9570589812,0.9100404175
-0.9570569312,0.9118924175
-0.9570548812,0.9137444175
-0.9570528312,0.9155964175
-0.9570507812,0.9174484175
-0.9570487312,0.9193004175
-0.9570466812,0.9211524175
-0.9570446312,0.9230044175
-0.9570425812,0.9248564175
-0.9570425812,0.9265774175
-0.9570425812,0.9282984175
-0.9570425812,0.9300194175
-0.9570425812,0.9317404175
-0.9570425812,0.9334614175
-0.9570425812,0.9351824175
-0.9570425812,0.9369034175
-0.9570425812,0.9386244175
-0.9570425812,0.9403454175
-0.9570425812,0.9420664175
-0.9570425812,0.9437874175
-0.9570425812,0.9455084175
-0.9570425812,0.9472294175
-0.9570425812,0.9489504175
-0.9570425812,0.9506714175
-0.9570425812,0.9523924175
-0.9570425812,0.9541134175
-0.9570425812,0.9558344175
-0.9570425812,0.9575554175
-0.9570425812,0.9588887175
-0.9570425812,0.9602220175
-0.9570425812,0.9615553175
-0.9570425812,0.9628886175
-0.9570425812,0.9642219175
-0.9570425812,0.9655552175
-0.9570425812,0.9668885175
-0.9570425812,0.9682218175
-0.9570425812,0.9695551175
-0.9570425812,0.9708884175
-0.9570425812,0.9722217175
-0.9570425812,0.9735550175
-0.9570425812,0.9748883175
-0.9570425812,0.9762216175
-0.9570425812,0.9775549175
-0.9570425812,0.9788882175
-0.9570425812,0.9802215175
-0.9570425812,0.9815548175
-0.9570425812,0.9828881175
-0.9570425812,0.9842214175
-0.9570425812,0.9853037675
-0.9570425812,0.9863861175
-0.9570425812,0.9874684675
-0.9570425812,0.9885508175
-0.9570425812,0.9896331675
-0.9570425812,0.9907155175
-0.9570425812,0.9917978675
-0.9570425812,0.9928802175
-0.9570425812,0.9939625675
-0.9570425812,0.9950449175
-0.9570425812,0.9961272675
-0.9570425812,0.9972096175
-0.9570425812,0.9982919675
-0.9570425812,0.9993743175
-0.9570425812,1.0004566675
-0.9570425812,1.0015390175
-0.9570425812,1.0026213675
-0.9570425812,1.0037037175
-0.9570425812,1.0047860675
-0.9570425812,1.0058684175
-0.9570425812,1.0067993175
-0.9570425812,1.0077302175
-0.9570425812,1.0086611175
-0.9570425812,1.0095920175
-0.9570425812,1.0105229175
-0.9570425812,1.0114538175
-0.9570425812,1.0123847175
-0.9570425812,1.0133156175
-0.9570425812,1.0142465175
-0.9570425812,1.0151774175
-0.9570425812,1.0161083175
-0.9570425812,1.0170392175
-0.9570425812,1.0179701175
-0.9570425812,1.0189010175
-0.9570425812,1.0198319175
-0.9570425812,1.0207628175
-0.9570425812,1.0216937175
-0.9570425812,1.0226246175
-0.9570425812,1.0235555175
-0.9570425812,1.0244864175
-0.9570425812,1.0255151017
-0.9570425812,1.0265437859
-0.9570425812,1.0275724702
-0.9570425812,1.0286011544
-0.9570425812,1.0296298386
-0.9570425812,1.0306585228
-0.9570425812,1.0316872070
-0.9570425812,1.0327158912
-0.9570425812,1.0337445754
-0.9570425812,1.0347732596
-0.9570425812,1.0358019438
-0.9570425812,1.0368306280
-0.9570425812,1.0378593123
-0.9570425812,1.0388879965
-0.9570425812,1.0399166807
-0.9570425812,1.0409453649
-0.9570425812,1.0419740491
-0.9570425812,1.0430027333
-0.9570425812,1.0440314175
-0.9570425812,1.0449593675
-0.9570425812,1.0458873175
-0.9570425812,1.0468152675
-0.9570425812,1.0477432175
-0.9570425812,1.0486711675
-0.9570425812,1.0495991175
-0.9570425812,1.0505270675
-0.9570425812,1.0514550175
-0.9570425812,1.0523829675
-0.9570425812,1.0533109175
-0.9570425812,1.0542388675
-0.9570425812,1.0551668175
-0.9570425812,1.0560947675
-0.9570425812,1.0570227175
-0.9570425812,1.0579506675
-0.9570425812,1.0588786175
-0.9570425812,1.0598065675
-0.9570425812,1.0607345175
-0.9570425812,1.0616624675
-0.9570425812,1.0625904175
-0.9570425812,1.0635921175
-0.9570425812,1.0645938175
-0.9570425812,1.0655955175
-0.9570425812,1.0665972175
-0.9570425812,1.0675989175
-0.9570425812,1.0686006175
-0.9570425812,1.0696023175
-0.9570425812,1.0706040175
-0.9570425812,1.0716057175
-0.9570425812,1.0726074175
-0.9570425812,1.0736091175
-0.9570425812,1.0746108175
-0.9570425812,1.0756125175
-0.9570425812,1.0766142175
-0.9570425812,1.0776159175
-0.9570425812,1.0786176175
-0.9570425812,1.0796193175
-0.9570425812,1.0806210175
-0.9570425812,1.0816227175
-0.9570425812,1.0826244175
-0.9570425812,1.0838951017
-0.9570425812,1.0851657859
-0.9570425812,1.0864364702
-0.9570425812,1.0877071544
-0.9570425812,1.0889778386
-0.9570425812,1.0902485228
-0.9570425812,1.0915192070
-0.9570425812,1.0927898912
-0.9570425812,1.0940605754
-0.9570425812,1.0953312596
-0.9570425812,1.0966019438
-0.9570425812,1.0978726280
-0.9570425812,1.0991433123
-0.9570425812,1.1004139965
-0.9570425812,1.1016846807
-0.9570425812,1.1029553649
-0.9570425812,1.1042260491
-0.9570425812,1.1054967333
-0.9570425812,1.1067674175
-0.9570448812,1.1082376675
-0.9570471812,1.1097079175
-0.9570494812,1.1111781675
-0.9570517812,1.1126484175
-0.9570540812,1.1141186675
-0.9570563812,1.1155889175
-0.9570586812,1.1170591675
-0.9570609812,1.1185294175
-0.9570632812,1.1199996675
-0.9570655812,1.1214699175
-0.9570678812,1.1229401675
-0.9570701812,1.1244104175
-0.9570724812,1.1258806675
-0.9570747812,1.1273509175
-0.9570770812,1.1288211675
-0.9570793812,1.1302914175
-0.9570816812,1.1317616675
-0.9570839812,1.1332319175
-0.9570862812,1.1347021675
-0.9570885812,1.1361724175
-0.9570933812,1.1375776175
-0.9570981812,1.1389828175
-0.9571029812,1.1403880175
-0.9571077812,1.1417932175
-0.9571125812,1.1431984175
-0.9571173812,1.1446036175
-0.9571221812,1.1460088175
-0.9571269812,1.1474140175
-0.9571317812,1.1488192175
-0.9571365812,1.1502244175
-0.9571413812,1.1516296175
-0.9571461812,1.1530348175
-0.9571509812,1.1544400175
-0.9571557812,1.1558452175
-0.9571605812,1.1572504175
-0.9571653812,1.1586556175
-0.9571701812,1.1600608175
-0.9571749812,1.1614660175
-0.9571797812,1.1628712175
-0.9571845812,1.1642764175
-0.9571846865,1.1653161017
-0.9571847917,1.1663557859
-0.9571848970,1.1673954702
-0.9571850022,1.1684351544
-0.9571851075,1.1694748386
-0.9571852128,1.1705145228
-0.9571853180,1.1715542070
-0.9571854233,1.1725938912
-0.9571855286,1.1736335754
-0.9571856338,1.1746732596
-0.9571857391,1.1757129438
-0.9571858444,1.1767526280
-0.9571859496,1.1777923123
-0.9571860549,1.1788319965
-0.9571861601,1.1798716807
-0.9571862654,1.1809113649
-0.9571863707,1.1819510491
-0.9571864759,1.1829907333
-0.9571865812,1.1840304175
-0.9571865812,1.1847410175
-0.9571865812,1.1854516175
-0.9571865812,1.1861622175
-0.9571865812,1.1868728175
-0.9571865812,1.1875834175
-0.9571865812,1.1882940175
-0.9571865812,1.1890046175
-0.9571865812,1.1897152175
-0.9571865812,1.1904258175
-0.9571865812,1.1911364175
-0.9571865812,1.1918470175
-0.9571865812,1.1925576175
-0.9571865812,1.1932682175
-0.9571865812,1.1939788175
-0.9571865812,1.1946894175
-0.9571865812,1.1954000175
-0.9571865812,1.1961106175
-0.9571865812,1.1968212175
-0.9571865812,1.1975318175
-0.9571865812,1.1982424175
-0.9571865812,1.1990830675
-0.9571865812,1.1999237175
-0.9571865812,1.2007643675
-0.9571865812,1.2016050175
-0.9571865812,1.2024456675
-0.9571865812,1.2032863175
-0.9571865812,1.2041269675
-0.9571865812,1.2049676175
-0.9571865812,1.2058082675
-0.9571865812,1.2066489175
-0.9571865812,1.2074895675
-0.9571865812,1.2083302175
-0.9571865812,1.2091708675
-0.9571865812,1.2100115175
-0.9571865812,1.2108521675
-0.9571865812,1.2116928175
-0.9571865812,1.2125334675
-0.9571865812,1.2133741175
-0.9571865812,1.2142147675
-0.9571865812,1.2150554175
-0.9571865812,1.2160133675
-0.9571865812,1.2169713175
-0.9571865812,1.2179292675
-0.9571865812,1.2188872175
-0.9571865812,1.2198451675
-0.9571865812,1.2208031175
-0.9571865812,1.2217610675
-0.9571865812,1.2227190175
-0.9571865812,1.2236769675
-0.9571865812,1.2246349175
-0.9571865812,1.2255928675
-0.9571865812,1.2265508175
-0.9571865812,1.2275087675
-0.9571865812,1.2284667175
-0.9571865812,1.2294246675
-0.9571865812,1.2303826175
-0.9571865812,1.2313405675
-0.9571865812,1.2322985175
-0.9571865812,1.2332564675
-0.9571865812,1.2342144175
-0.9571865812,1.2351886807
-0.9571865812,1.2361629438
-0.9571865812,1.2371372070
-0.9571865812,1.2381114702
-0.9571865812,1.2390857333
-0.9571865812,1.2400599965
-0.9571865812,1.2410342596
-0.9571865812,1.2420085228
-0.9571865812,1.2429827859
-0.9571865812,1.2439570491
-0.9571865812,1.2449313123
-0.9571865812,1.2459055754
-0.9571865812,1.2468798386
-0.9571865812,1.2478541017
-0.9571865812,1.2488283649
-0.9571865812,1.2498026280
-0.9571865812,1.2507768912
-0.9571865812,1.2517511544
-0.9571865812,1.2527254175
-0.9571865812,1.2536734175
-0.9571865812,1.2546214175
-0.9571865812,1.2555694175
-0.9571865812,1.2565174175
-0.9571865812,1.2574654175
-0.9571865812,1.2584134175
-0.9571865812,1.2593614175
-0.9571865812,1.2603094175
-0.9571865812,1.2612574175
-0.9571865812,1.2622054175
-0.9571865812,1.2631534175
-0.9571865812,1.2641014175
-0.9571865812,1.2650494175
-0.9571865812,1.2659974175
-0.9571865812,1.2669454175
-0.9571865812,1.2678934175
-0.9571865812,1.2688414175
-0.9571865812,1.2697894175
-0.9571865812,1.2707374175
-0.9571865812,1.2716854175
-0.9571865812,1.2727577675
-0.9571865812,1.2738301175
-0.9571865812,1.2749024675
-0.9571865812,1.2759748175
-0.9571865812,1.2770471675
-0.9571865812,1.2781195175
-0.9571865812,1.2791918675
-0.9571865812,1.2802642175
-0.9571865812,1.2813365675
-0.9571865812,1.2824089175
-0.9571865812,1.2834812675
-0.9571865812,1.2845536175
-0.9571865812,1.2856259675
-0.9571865812,1.2866983175
-0.9571865812,1.2877706675
-0.9571865812,1.2888430175
-0.9571865812,1.2899153675
-0.9571865812,1.2909877175
-0.9571865812,1.2920600675
-0.9571865812,1.2931324175
-0.9571865812,1.2943465228
-0.9571865812,1.2955606280
-0.9571865812,1.2967747333
-0.9571865812,1.2979888386
-0.9571865812,1.2992029438
-0.9571865812,1.3004170491
-0.9571865812,1.3016311544
-0.9571865812,1.3028452596
-0.9571865812,1.3040593649
-0.9571865812,1.3052734702
-0.9571865812,1.3064875754
-0.9571865812,1.3077016807
-0.9571865812,1.3089157859
-0.9571865812,1.3101298912
-0.9571865812,1.3113439965
-0.9571865812,1.3125581017
-0.9571865812,1.3137722070
-0.9571865812,1.3149863123
-0.9571865812,1.3162004175
-0.9571864812,1.3174229675
-0.9571863812,1.3186455175
-0.9571862812,1.3198680675
-0.9571861812,1.3210906175
-0.9571860812,1.3223131675
-0.9571859812,1.3235357175
-0.9571858812,1.3247582675
-0.9571857812,1.3259808175
-0.9571856812,1.3272033675
-0.9571855812,1.3284259175
-0.9571854812,1.3296484675
-0.9571853812,1.3308710175
-0.9571852812,1.3320935675
-0.9571851812,1.3333161175
-0.9571850812,1.3345386675
-0.9571849812,1.3357612175
-0.9571848812,1.3369837675
-0.9571847812,1.3382063175
-0.9571846812,1.3394288675
-0.9571845812,1.3406514175
-0.9571845812,1.3418073675
-0.9571845812,1.3429633175
-0.9571845812,1.3441192675
-0.9571845812,1.3452752175
-0.9571845812,1.3464311675
-0.9571845812,1.3475871175
-0.9571845812,1.3487430675
-0.9571845812,1.3498990175
-0.9571845812,1.3510549675
-0.9571845812,1.3522109175
-0.9571845812,1.3533668675
-0.9571845812,1.3545228175
-0.9571845812,1.3556787675
-0.9571845812,1.3568347175
-0.9571845812,1.3579906675
-0.9571845812,1.3591466175
-0.9571845812,1.3603025675
-0.9571845812,1.3614585175
-0.9571845812,1.3626144675
-0.9571845812,1.3637704175
-0.9571844812,1.3649496675
-0.9571843812,1.3661289175
-0.9571842812,1.3673081675
-0.9571841812,1.3684874175
-0.9571840812,1.3696666675
-0.9571839812,1.3708459175
-0.9571838812,1.3720251675
-0.9571837812,1.3732044175
-0.9571836812,1.3743836675
-0.9571835812,1.3755629175
-0.9571834812,1.3767421675
-0.9571833812,1.3779214175
-0.9571832812,1.3791006675
-0.9571831812,1.3802799175
-0.9571830812,1.3814591675
-0.9571829812,1.3826384175
-0.9571828812,1.3838176675
-0.9571827812,1.3849969175
-0.9571826812,1.3861761675
-0.9571825812,1.3873554175
-0.9571823707,1.3886482070
-0.9571821601,1.3899409965
-0.9571819496,1.3912337859
-0.9571817391,1.3925265754
-0.9571815286,1.3938193649
-0.9571813180,1.3951121544
-0.9571811075,1.3964049438
-0.9571808970,1.3976977333
-0.9571806865,1.3989905228
-0.9571804759,1.4002833123
-0.9571802654,1.4015761017
-0.9571800549,1.4028688912
-0.9571798444,1.4041616807
-0.9571796338,1.4054544702
-0.9571794233,1.4067472596
-0.9571792128,1.4080400491
-0.9571790022,1.4093328386
-0.9571787917,1.4106256280
-0.9571785812,1.4119184175
-0.9571783312,1.4131468675
-0.9571780812,1.4143753175
-0.9571778312,1.4156037675
-0.9571775812,1.4168322175
-0.9571773312,1.4180606675
-0.9571770812,1.4192891175
-0.9571768312,1.4205175675
-0.9571765812,1.4217460175
-0.9571763312,1.4229744675
-0.9571760812,1.4242029175
-0.9571758312,1.4254313675
-0.9571755812,1.4266598175
-0.9571753312,1.4278882675
-0.9571750812,1.4291167175
-0.9571748312,1.4303451675
-0.9571745812,1.4315736175
-0.9571743312,1.4328020675
-0.9571740812,1.4340305175
-0.9571738312,1.4352589675
-0.9571735812,1.4364874175
-0.9571733812,1.4372912175
-0.9571731812,1.4380950175
-0.9571729812,1.4388988175
-0.9571727812,1.4397026175
-0.9571725812,1.4405064175
-0.9571723812,1.4413102175
-0.9571721812,1.4421140175
-0.9571719812,1.4429178175
-0.9571717812,1.4437216175
-0.9571715812,1.4445254175
-0.9571713812,1.4453292175
-0.9571711812,1.4461330175
-0.9571709812,1.4469368175
-0.9571707812,1.4477406175
-0.9571705812,1.4485444175
-0.9571703812,1.4493482175
-0.9571701812,1.4501520175
-0.9571699812,1.4509558175
-0.9571697812,1.4517596175
-0.9571695812,1.4525634175
-0.9571695812,1.4526314175
-0.9571695812,1.4526994175
-0.9571695812,1.4527674175
-0.9571695812,1.4528354175
-0.9571695812,1.4529034175
-0.9571695812,1.4529714175
-0.9571695812,1.4530394175
-0.9571695812,1.4531074175
-0.9571695812,1.4531754175
-0.9571695812,1.4532434175
-0.9571695812,1.4533114175
-0.9571695812,1.4533794175
-0.9571695812,1.4534474175
-0.9571695812,1.4535154175
-0.9571695812,1.4535834175
-0.9571695812,1.4536514175
-0.9571695812,1.4537194175
-0.9571695812,1.4537874175
-0.9571695812,1.4538554175
-0.9571695812,1.4538552396
-0.9571695812,1.4538550616
-0.9571695812,1.4538548836
-0.9571695812,1.4538547057
-0.9571695812,1.4538545277
-0.9571695812,1.4538543497
-0.9571695812,1.4538541718
-0.9571695812,1.4538539938
-0.9571695812,1.4538538158
-0.9571695812,1.4538536379
-0.9571695812,1.4538534599
-0.9571695812,1.4538532819
-0.9571695812,1.4538531040
-0.9571695812,1.4538529260
-0.9571695812,1.4538527480
-0.9571695812,1.4538525701
-0.9571695812,1.4538523921
-0.9571695812,1.4538522141
-0.9571695812,1.4538520362
-0.9571695812,1.4538518582
-0.9571695812,1.4538516802
-0.9571695812,1.4538515023
-0.9571695812,1.4538513243
-0.9571695812,1.4538511463
-0.9571695812,1.4538509684
-0.9571695812,1.4538507904
-0.9571695812,1.4538506124
-0.9571695812,1.4538504345
-0.9571695812,1.4538502565
-0.9571695812,1.4538500785
-0.9571695812,1.4538499006
-0.9571695812,1.4538497226
-0.9571695812,1.4538495446
-0.9571695812,1.4538493667
-0.9571695812,1.4538491887
-0.9571695812,1.4538490107
-0.9571695812,1.4538488328
-0.9571695812,1.4538486548
-0.9571695812,1.4538484768
-0.9571695812,1.4538482989
-0.9571695812,1.4538481209
-0.9571695812,1.4538479429
-0.9571695812,1.4538477650
-0.9571695812,1.4538475870
-0.9571695812,1.4538474090
-0.9571695812,1.4538472311
-0.9571695812,1.4538470531
-0.9571695812,1.4538468751
-0.9571695812,1.4538466972
-0.9571695812,1.4538465192
-0.9571695812,1.4538463412
-0.9571695812,1.4538461633
-0.9571695812,1.4538459853
-0.9571695812,1.4538458074
-0.9571695812,1.4538456294
-0.9571695812,1.4538454514
-0.9571695812,1.4538452735
-0.9571695812,1.4538450955
-0.9571695812,1.4538449175
-0.9571695812,1.4538447396
-0.9571695812,1.4538445616
-0.9571695812,1.4538443836
-0.9571695812,1.4538442057
-0.9571695812,1.4538440277
-0.9571695812,1.4538438497
-0.9571695812,1.4538436718
-0.9571695812,1.4538434938
-0.9571695812,1.4538433158
-0.9571695812,1.4538431379
-0.9571695812,1.4538429599
-0.9571695812,1.4538427819
-0.9571695812,1.4538426040
-0.9571695812,1.4538424260
-0.9571695812,1.4538422480
-0.9571695812,1.4538420701
-0.9571695812,1.4538418921
-0.9571695812,1.4538417141
-0.9571695812,1.4538415362
-0.9571695812,1.4538413582
-0.9571695812,1.4538411802
-0.9571695812,1.4538410023
-0.9571695812,1.4538408243
-0.9571695812,1.4538406463
-0.9571695812,1.4538404684
-0.9571695812,1.4538402904
-0.9571695812,1.4538401124
-0.9571695812,1.4538399345
-0.9571695812,1.4538397565
-0.9571695812,1.4538395785
-0.9571695812,1.4538394006
-0.9571695812,1.4538392226
-0.9571695812,1.4538390446
-0.9571695812,1.4538388667
-0.9571695812,1.4538386887
-0.9571695812,1.4538385107
-0.9571695812,1.4538383328
-0.9571695812,1.4538381548
-0.9571695812,1.4538379768
-0.9571695812,1.4538377989
-0.9571695812,1.4538376209
-0.9571695812,1.4538374429
-0.9571695812,1.4538372650
-0.9571695812,1.4538370870
-0.9571695812,1.4538369090
-0.9571695812,1.4538367311
-0.9571695812,1.4538365531
-0.9571695812,1.4538363751
-0.9571695812,1.4538361972
-0.9571695812,1.4538360192
-0.9571695812,1.4538358412
-0.9571695812,1.4538356633
-0.9571695812,1.4538354853
-0.9571695812,1.4538353074
-0.9571695812,1.4538351294
-0.9571695812,1.4538349514
-0.9571695812,1.4538347735
-0.9571695812,1.4538345955
-0.9571695812,1.4538344175
-0.9571695812,1.4538344175
-0.9571695812,1.4538344175
-0.9571695812,1.4538344175
-0.9571695812,1.4538344175
-0.9571695812,1.4538344175
-0.9571695812,1.4538344175
-0.9571695812,1.4538344175
-0.9571695812,1.4538344175
-0.9571695812,1.4538344175
-0.9571695812,1.4538344175
-0.9571695812,1.4538344175
-0.9571695812,1.4538344175
-0.9571695812,1.4538344175
-0.9571695812,1.4538344175
-0.9571695812,1.4538344175
-0.9571695812,1.4538344175
-0.9571695812,1.4538344175
-0.9571695812,1.4538344175
-0.9571695812,1.4538344175
-0.9571695812,1.4538344175
-0.9571695812,1.4538344175
-0.9571695812,1.4538344175
-0.9571695812,1.4538344175
-0.9571695812,1.4538344175
-0.9571695812,1.4538344175
-0.9571695812,1.4538344175
-0.9571695812,1.4538344175
-0.9571695812,1.4538344175
-0.9571695812,1.4538344175
-0.9571695812,1.4538344175
-0.9571695812,1.4538344175
-0.9571695812,1.4538344175
-0.9571695812,1.4538344175
-0.9571695812,1.4538344175
-0.9571695812,1.4538344175
-0.9571695812,1.4538344175
-0.9571695812,1.4538344175
-0.9571695812,1.4538344175
-0.9571695812,1.4538344175
-0.9571695812,1.4538344175
-0.9571695812,1.4538344175
-0.9571695812,1.4538344175
-0.9571695812,1.4538344175
-0.9571695812,1.4538344175
-0.9571695812,1.4538344175
-0.9571695812,1.4538344175
-0.9571695812,1.4538344175
-0.9571695812,1.4538344175
-0.9571695812,1.4538344175
-0.9571695812,1.4538344175
-0.9571695812,1.4538344175
-0.9571695812,1.4538344175
-0.9571695812,1.4538344175
-0.9571695812,1.4538344175
-0.9571695812,1.4538344175
-0.9571695812,1.4538344175
-0.9571695812,1.4538344175
-0.9571695812,1.4538344175
-0.9571695812,1.4538344175
-0.9571695812,1.4538344175
-0.9571695812,1.4538344175
-0.9571695812,1.4538344175
-0.9571695812,1.4538344175
-0.9571695812,1.4538344175
-0.9571695812,1.4538344175
-0.9571695812,1.4538344175
-0.9571695812,1.4538344175
-0.9571695812,1.4538344175
-0.9571695812,1.4538344175
-0.9571695812,1.4538344175
-0.9571695812,1.4538344175
-0.9571695812,1.4538344175
-0.9571695812,1.4538344175
-0.9571695812,1.4538344175
-0.9571695812,1.4538344175
-0.9571695812,1.4538344175
-0.9571695812,1.4538344175
-0.9571695812,1.4538344175
-0.9571695812,1.4538344175
-0.9571695812,1.4538344175
-0.9571695812,1.4538344175
-0.9571695812,1.4538344175
-0.9571695812,1.4538344175
-0.9571695812,1.4538344175
-0.9571695812,1.4538344175
-0.9571695812,1.4538344175
-0.9571695812,1.4538344175
-0.9571695812,1.4538344175
-0.9571695812,1.4538344175
-0.9571695812,1.4538344175
-0.9571695812,1.4538344175
-0.9571695812,1.4538344175
-0.9571695812,1.4538344175
-0.9571695812,1.4538344175
-0.9571695812,1.4538344175
-0.9571695812,1.4538344175
-0.9571695812,1.4538344175
-0.9571695812,1.4538344175
-0.9571695812,1.4538344175
-0.9571695812,1.4538344175
-0.9571695812,1.4538344175
-0.9571695812,1.4538344175
-0.9571695812,1.4538344175
-0.9571695812,1.4538344175
-0.9571695812,1.4538344175
-0.9571695812,1.4538344175
-0.9571695812,1.4538344175
-0.9571695812,1.4538344175
-0.9571695812,1.4538344175
-0.9571695812,1.4538344175
-0.9571695812,1.4538344175
-0.9571695812,1.4538344175
-0.9571695812,1.4538344175
-0.9571695812,1.4538344175
-0.9571695812,1.4538344175
-0.9571695812,1.4538344175
-0.9571695812,1.4538344175
-0.9571695812,1.4538344175
-0.9571695812,1.4538344175
-0.9571695812,1.4538344175
-0.9571695812,1.4538344175
-0.9571695812,1.4538344175
-0.9571695812,1.4538344175
-0.9571695812,1.4538344175
-0.9571695812,1.4538344175
-0.9571695812,1.4538344175
-0.9571695812,1.4538344175
-0.9571695812,1.4538344175
-0.9571695812,1.4538344175
-0.9571695812,1.4538344175
-0.9571695812,1.4538344175
-0.9571695812,1.4538344175
-0.9571695812,1.4538344175
-0.9571695812,1.4538344175
-0.9571695812,1.4538344175
-0.9571695812,1.4538344175
-0.9571695812,1.4538344175
-0.9571695812,1.4538344175
-0.9571695812,1.4538344175
-0.9571695812,1.4538344175
-0.9571695812,1.4538344175
-0.9571695812,1.4538344175
-0.9571695812,1.4538344175
-0.9571695812,1.4538344175
-0.9571695812,1.4538344175
-0.9571695812,1.4538344175
-0.9571695812,1.4538344175
-0.9571695812,1.4538344175
-0.9571695812,1.4538344175
-0.9571695812,1.4538344175
-0.9571695812,1.4538344175
-0.9571695812,1.4538344175
-0.9571695812,1.4538344175
-0.9571695812,1.4538344175
-0.9571695812,1.4538344175
-0.9571695812,1.4538344175
-0.9571695812,1.4538344175
-0.9571695812,1.4538344175
-0.9571695812,1.4538344175
-0.9571695812,1.4538344175
-0.9571695812,1.4538344175
-0.9571695812,1.4538344175
-0.9571695812,1.4538344175
-0.9571695812,1.4538344175
-0.9571695812,1.4538344175
-0.9571695812,1.4538344175
-0.9571695812,1.4538344175
-0.9571695812,1.4538344175
-0.9571695812,1.4538344175
-0.9571695812,1.4538344175
-0.9571695812,1.4538344175
-0.9571695812,1.4538344175
-0.9571695812,1.4538344175
-0.9571695812,1.4538344175
-0.9571695812,1.4538344175
-0.9571695812,1.4538344175
-0.9571695812,1.4538344175
-0.9571695812,1.4538344175
-0.9571695812,1.4538344175
-0.9571695812,1.4538344175
-0.9571695812,1.4538344175
-0.9571695812,1.4538344175
-0.9571695812,1.4538344175
-0.9571695812,1.4538344175
-0.9571695812,1.4538344175
-0.9571695812,1.4538344175
-0.9571695812,1.4538344175
-0.9571695812,1.4538344175
-0.9571695812,1.4538344175
-0.9571695812,1.4538344175
-0.9571695812,1.4538344175
-0.9571695812,1.4538344175
-0.9571695812,1.4538344175
-0.9571695812,1.4538344175
-0.9571695812,1.4538344175
-0.9571695812,1.4538344175
-0.9571695812,1.4538344175
-0.9571695812,1.4538344175
-0.9571695812,1.4538344175
-0.9571695812,1.4538344175
-0.9571695812,1.4538344175
-0.9571695812,1.4538344175
-0.9571695812,1.4538344175
-0.9571695812,1.4538344175
-0.9571695812,1.4538344175
-0.9571695812,1.4538344175
-0.9571695812,1.4538344175
-0.9571695812,1.4538344175
-0.9571695812,1.4538344175
-0.9571695812,1.4538344175
-0.9571695812,1.4538344175
-0.9571695812,1.4538344175
-0.9571695812,1.4538344175
-0.9571695812,1.4538344175
-0.9571695812,1.4538344175
-0.9571695812,1.4538344175
-0.9571695812,1.4538344175
-0.9571695812,1.4538344175
-0.9571695812,1.4538344175
-0.9571695812,1.4538344175
-0.9571695812,1.4538344175
-0.9571695812,1.4538344175
-0.9571695812,1.4538344175
-0.9571695812,1.4538344175
-0.9571695812,1.4538344175
-0.9571695812,1.4538344175
-0.9571695812,1.4538344175
-0.9571695812,1.4538344175
-0.9571695812,1.4538344175
-0.9571695812,1.4538344175
-0.9571695812,1.4538344175
-0.9571695812,1.4538344175
-0.9571695812,1.4538344175
-0.9571695812,1.4538344175
-0.9571695812,1.4538344175
-0.9571695812,1.4538344175
-0.9571695812,1.4538344175
-0.9571695812,1.4538344175
-0.9571695812,1.4538344175
-0.9571695812,1.4538344175
-0.9571695812,1.4538344175
-0.9571695812,1.4538344175
-0.9571695812,1.4538344175
-0.9571695812,1.4538344175
-0.9571695812,1.4538344175
-0.9571695812,1.4538344175
-0.9571695812,1.4538344175
-0.9571695812,1.4538344175
-0.9571695812,1.4538344175
-0.9571695812,1.4538344175
-0.9571695812,1.4538344175
-0.9571695812,1.4538344175
-0.9571695812,1.4538344175
-0.9571695812,1.4538344175
-0.9571695812,1.4538344175
-0.9571695812,1.4538344175
-0.9571695812,1.4538344175
-0.9571695812,1.4538344175
-0.9571695812,1.4538344175
-0.9571695812,1.4538344175
-0.9571695812,1.4538344175
-0.9571695812,1.4538344175
-0.9571695812,1.4538344175
-0.9571695812,1.4538344175
-0.9571695812,1.4538344175
-0.9571695812,1.4538344175
-0.9571695812,1.4538344175
-0.9571695812,1.4538344175
-0.9571695812,1.4538344175
-0.9571695812,1.4538344175
-0.9571695812,1.4538344175
-0.9571695812,1.4538344175
-0.9571695812,1.4538344175
-0.9571695812,1.4538344175
-0.9571695812,1.4538344175
-0.9571695812,1.4538344175
-0.9571695812,1.4538344175
-0.9571695812,1.4538344175
-0.9571695812,1.4538344175
-0.9571695812,1.4538344175
-0.9571695812,1.4538344175
-0.9571695812,1.4538344175
-0.9571695812,1.4538344175
-0.9571695812,1.4538344175
-0.9571695812,1.4538344175
-0.9571695812,1.4538344175
-0.9571695812,1.4538344175
-0.9571695812,1.4538344175
-0.9571695812,1.4538344175
-0.9571695812,1.4538344175
-0.9571695812,1.4538344175
-0.9571695812,1.4538344175
-0.9571695812,1.4538344175
-0.9571695812,1.4538344175
-0.9571695812,1.4538344175
-0.9571695812,1.4538344175
-0.9571695812,1.4538344175
-0.9571695812,1.4538344175
-0.9571695812,1.4538344175
-0.9571695812,1.4538344175
